#,Name,Team,ESPN,Y!,$,$/G,G,PA,AB,R,H,HR,RBI,SB,CS,BB,SO,AVG,OBP,SLG,OPS,R%,RazzID
1,Pete Crow-Armstrong,CHC,OF,OF,95.6,177.5,6,29,25,6,14,4,6,3,0,3,6,0.560,0.586,1.200,1.786,100,691718
2,Zack Gelof,ATH,2B/3B/ OF,2B/3B/ OF,79.3,124.3,7,31,26,9,11,3,7,2,0,3,5,0.423,0.516,0.808,1.324,100,680869
3,Bobby Witt Jr.,KC,SS,SS,67.7,121.0,6,25,22,6,11,1,4,4,0,3,1,0.500,0.560,0.727,1.287,100,677951
4,Bryan Reynolds,PIT,OF,OF,58.3,122.8,6,24,21,5,11,3,8,0,0,3,4,0.524,0.583,1.095,1.679,100,668804
5,Wyatt Langford,TEX,OF,OF,46.2,98.7,6,27,25,5,10,3,5,1,0,2,5,0.400,0.444,0.800,1.244,100,694671
6,Willi Castro,COL,1B/2B/ SS/3B/ OF,1B/2B/ SS/3B/ OF,43.2,95.3,6,25,19,4,8,2,10,0,0,6,4,0.421,0.560,0.842,1.402,96,650489
7,Josh Bell,MIN,1B,1B,42.0,93.8,6,23,21,5,9,2,8,0,0,2,3,0.429,0.478,0.762,1.240,18,13145
8,Mookie Betts,LAD,SS,SS,40.6,85.0,6,26,25,8,10,2,2,1,0,1,5,0.400,0.423,0.720,1.143,100,13611
9,Jackson Chourio,MIL,OF,OF,39.5,92.5,6,27,24,4,8,4,7,0,0,2,3,0.333,0.407,0.875,1.282,100,694192
10,Samad Taylor,SD,OF,OF,39.4,101.2,5,22,21,6,9,1,3,2,0,1,4,0.429,0.455,0.571,1.026,26,669392
11,Carter Jensen,KC,C,C,39.3,86.0,6,27,26,5,11,1,6,1,0,1,2,0.423,0.444,0.731,1.175,100,695600
12,Tyler Soderstrom,ATH,1B/OF,1B/OF,39.1,69.1,7,29,24,9,9,2,4,0,0,5,4,0.375,0.483,0.750,1.233,100,691016
13,George Springer,TOR,OF,OF,38.9,79.0,6,27,23,2,8,2,5,3,0,2,3,0.348,0.407,0.652,1.060,97,12856
14,Juan Soto,NYM,OF,OF,38.7,87.7,6,28,22,5,10,2,6,0,1,6,3,0.455,0.571,0.818,1.390,100,665742
15,Corbin Carroll,ARI,OF,OF,38.3,87.0,6,28,26,4,8,2,9,1,0,2,4,0.308,0.357,0.654,1.011,100,682998
16,Colson Montgomery,CHW,SS/3B,SS/3B,37.1,86.7,6,21,19,4,6,4,7,0,0,2,6,0.316,0.381,1.000,1.381,100,695657
17,Nick Kurtz,ATH,1B,1B,36.2,67.7,7,33,27,7,8,2,8,0,0,6,11,0.296,0.424,0.593,1.017,100,701762
18,Andres Gimenez,TOR,2B/SS,2B/SS,34.3,86.2,5,19,18,5,6,1,3,3,0,0,5,0.333,0.316,0.611,0.927,50,665926
19,Nasim Nunez,WSH,2B/SS,2B/SS,33.8,67.5,6,21,17,6,8,0,3,2,0,4,3,0.471,0.571,0.706,1.277,76,683083
20,TJ Rumfield,COL,1B,1B,33.6,82.2,6,26,26,5,8,3,7,0,0,0,1,0.308,0.308,0.808,1.115,98,681198
21,Hunter Goodman,COL,C,C,31.7,77.3,6,26,25,5,8,3,6,0,0,1,4,0.320,0.346,0.720,1.066,100,696100
22,Ben Rice,NYY,C/1B,C/1B,31.3,78.2,6,28,25,4,8,3,7,0,0,3,6,0.320,0.393,0.680,1.073,100,700250
23,Esteury Ruiz,MIA,OF,OF,31.0,61.7,6,16,13,4,7,1,2,2,1,1,4,0.538,0.625,1.000,1.625,1,665923
24,Lawrence Butler,ATH,OF,OF,29.8,65.2,6,22,21,7,8,1,3,1,0,1,7,0.381,0.409,0.619,1.028,47,671732
25,Trevor Larnach,MIN,OF,OF,29.6,90.6,5,19,18,4,9,2,4,0,0,1,1,0.500,0.526,0.833,1.360,3,663616
26,Paul Goldschmidt,NYY,1B,1B,29.5,76.2,6,27,27,3,9,3,7,0,0,0,6,0.333,0.333,0.667,1.000,88,9218
27,Donovan Walton,LAA,2B/3B,2B/3B,28.5,122.5,4,15,15,2,8,2,6,0,0,0,1,0.533,0.533,1.067,1.600,0,622268
28,Lane Thomas,KC,OF,OF,28.3,55.4,7,31,27,7,7,3,5,0,0,4,3,0.259,0.355,0.667,1.022,1,657041
29,Byron Buxton,MIN,OF,OF,26.8,64.3,6,28,26,5,9,2,3,1,0,2,8,0.346,0.393,0.615,1.008,100,14161
30,Jazz Chisholm Jr.,NYY,2B/3B,2B/3B,26.1,51.8,6,22,16,5,3,2,2,3,0,6,5,0.188,0.409,0.563,0.972,100,665862
31,Ivan Herrera,STL,C,C,25.7,43.3,7,32,21,6,4,2,4,2,0,6,2,0.190,0.469,0.476,0.945,100,671056
32,Jeremy Pena,HOU,SS,SS,24.8,68.2,6,28,28,3,9,3,6,0,0,0,5,0.321,0.321,0.679,1.000,100,665161
33,Luke Keaschall,MIN,2B,2B,24.3,56.2,6,24,19,6,7,1,3,1,0,5,3,0.368,0.500,0.632,1.132,92,807712
34,Henry Bolte,ATH,OF,OF,24.0,40.6,7,26,21,4,8,1,2,2,1,4,5,0.381,0.462,0.571,1.033,98,703607
35,Brandon Marsh,PHI,OF,OF,23.9,54.3,6,26,25,5,7,1,4,2,0,1,9,0.280,0.308,0.440,0.748,100,669016
36,Colt Keith,DET,2B/3B,1B/2B/ 3B,23.4,106.8,4,11,9,3,3,3,6,0,0,0,1,0.333,0.455,1.333,1.788,24,690993
37,Bryson Stott,PHI,2B,2B/SS,22.8,50.0,6,24,21,5,7,0,4,2,0,3,2,0.333,0.417,0.524,0.940,100,681082
38,Anthony Volpe,NYY,SS,SS,22.8,74.0,5,19,16,5,9,0,4,0,1,3,3,0.563,0.632,0.750,1.382,30,683011
39,Jackson Merrill,SD,OF,OF,21.5,53.7,6,27,26,2,7,2,5,2,0,1,8,0.269,0.296,0.538,0.835,100,701538
40,J.T. Realmuto,PHI,C,C,21.3,98.8,4,17,15,3,4,2,6,1,0,2,3,0.267,0.353,0.667,1.020,95,11739
41,Geraldo Perdomo,ARI,SS,SS,21.0,46.7,6,26,18,5,5,1,3,2,1,7,5,0.278,0.500,0.500,1.000,100,672695
42,Jose Altuve,HOU,2B/OF,2B/OF,20.5,78.0,5,20,20,3,5,3,7,0,0,0,7,0.250,0.250,0.750,1.000,100,5417
43,Mike Trout,LAA,OF,OF,20.4,71.4,5,23,21,3,7,2,4,1,0,1,7,0.333,0.391,0.714,1.106,100,10155
44,Denzer Guzman,LAA,SS,SS,20.2,40.9,7,29,27,4,8,1,6,1,0,2,6,0.296,0.345,0.444,0.789,5,694203
45,Carson Kelly,CHC,C,C,18.9,137.3,3,13,11,4,4,1,7,0,0,2,2,0.364,0.462,0.727,1.189,84,13620
46,Victor Caratini,MIN,C/1B,C/1B,18.9,91.3,4,13,10,4,5,2,3,0,0,3,0,0.500,0.615,1.100,1.715,37,605170
47,Luis Garcia Jr.,WSH,1B/2B,1B/2B,17.5,52.3,6,22,22,4,7,2,5,0,0,0,3,0.318,0.318,0.591,0.909,100,671277
48,Kyle Karros,COL,3B,3B,17.3,62.4,5,19,18,6,7,1,3,0,0,1,1,0.389,0.421,0.722,1.143,2,691720
49,Andrew Benintendi,CHW,OF,OF,17.2,48.7,6,13,12,3,4,2,6,0,0,1,1,0.333,0.385,0.917,1.301,8,17901
50,Dansby Swanson,CHC,SS,SS,17.1,36.8,6,24,20,5,3,1,3,3,0,4,5,0.150,0.292,0.300,0.592,84,18314
51,Kyle Tucker,LAD,OF,OF,16.6,47.0,6,25,21,2,7,1,6,1,0,3,4,0.333,0.440,0.476,0.916,100,663656
52,Jac Caglianone,KC,OF,1B/OF,16.5,38.3,7,31,28,6,7,2,5,0,0,2,9,0.250,0.323,0.500,0.823,100,695506
53,Max Muncy,LAD,3B,3B,16.2,48.3,6,22,16,3,5,2,6,0,0,6,3,0.313,0.500,0.688,1.188,100,13301
54,Bo Bichette,NYM,SS/3B,SS/3B,16.2,47.8,6,29,28,6,12,0,2,0,0,1,4,0.429,0.448,0.536,0.984,100,666182
55,Rafael Devers,SF,1B,1B,15.6,64.0,5,21,17,2,8,2,3,0,0,4,3,0.471,0.571,1.000,1.571,100,646240
56,CJ Abrams,WSH,SS,SS,15.4,43.7,6,25,25,5,7,1,4,1,0,0,4,0.280,0.280,0.440,0.720,100,682928
57,Joe Mack,MIA,C,C,15.4,83.0,4,13,9,4,4,2,3,0,0,3,0,0.444,0.615,1.222,1.838,66,691788
58,Jose Caballero,NYY,2B/SS/ 3B/OF,2B/SS/ 3B/OF,15.2,65.6,5,21,19,3,5,2,7,0,0,0,8,0.263,0.286,0.579,0.865,100,676609
59,Isaac Collins,KC,OF,OF,14.4,30.4,7,25,23,4,7,0,6,1,1,1,2,0.304,0.333,0.435,0.768,0,686555
60,Casey Schmitt,SF,1B/2B/ 3B/OF,1B/2B/ 3B/OF,14.3,49.8,5,20,19,2,9,0,1,2,0,0,4,0.474,0.500,0.526,1.026,99,669477
61,Zach Neto,LAA,SS,SS,14.2,32.9,7,32,30,5,6,3,3,1,1,2,13,0.200,0.250,0.567,0.817,100,687263
62,Davis Schneider,TOR,2B/OF,2B/OF,14.1,82.8,4,15,14,3,6,2,3,0,0,1,3,0.429,0.467,1.000,1.467,0,676914
63,Royce Lewis,MIN,3B,3B,13.8,42.7,6,26,24,4,5,2,5,1,0,2,8,0.208,0.269,0.500,0.769,98,668904
64,James Wood,WSH,OF,OF,13.5,39.8,6,27,23,5,6,1,4,1,0,3,7,0.261,0.333,0.478,0.812,100,695578
65,Isiah Kiner-Falefa,BOS,2B/SS/ 3B,2B/SS/ 3B,13.2,47.6,5,19,17,3,6,1,1,2,0,2,2,0.353,0.421,0.529,0.950,0,643396
66,Luis Arraez,SF,1B/2B,1B/2B,13.1,55.8,5,25,23,4,6,1,5,1,0,1,0,0.261,0.292,0.522,0.813,100,650333
67,Seiya Suzuki,CHC,OF,OF,12.8,54.4,5,22,17,4,8,0,4,0,0,5,5,0.471,0.591,0.647,1.238,100,673548
68,Ryan O’Hearn,PIT,1B/OF,1B/OF,12.3,45.7,6,27,27,2,9,1,7,0,0,0,5,0.333,0.333,0.519,0.852,100,656811
69,Blaze Jordan,STL,1B,1B,12.2,30.9,7,27,26,5,7,1,6,0,0,1,0,0.269,0.296,0.538,0.835,0,691458
70,Alec Bohm,PHI,3B,1B/3B,11.5,42.2,6,22,21,2,7,1,7,0,0,0,4,0.333,0.318,0.524,0.842,93,664761
71,Fernando Tatis Jr.,SD,2B/OF,2B/OF,11.2,32.2,6,28,24,3,7,0,4,2,0,3,4,0.292,0.357,0.375,0.732,100,665487
72,Jacob Wilson,ATH,SS,SS,10.9,41.7,6,26,24,3,7,1,7,0,0,2,3,0.292,0.346,0.500,0.846,97,805779
73,JJ Wetherholt,STL,2B/SS,2B/SS,10.4,36.5,6,28,25,2,9,1,3,1,0,3,2,0.360,0.429,0.520,0.949,100,802139
74,Ketel Marte,ARI,2B,2B,10.3,39.5,6,28,24,3,9,1,4,0,0,3,1,0.375,0.464,0.542,1.006,100,13613
75,Logan O’Hoppe,LAA,C,C,9.6,50.2,5,20,19,3,8,1,3,0,0,1,4,0.421,0.450,0.684,1.134,81,681351
76,Ty France,SD,1B,1B,9.1,74.0,4,15,15,2,4,2,6,0,0,0,4,0.267,0.267,0.733,1.000,0,664034
77,JJ Bleday,CIN,OF,OF,8.8,35.3,6,24,17,4,3,2,6,0,1,5,5,0.176,0.375,0.529,0.904,100,668709
78,Cody Bellinger,NYY,OF,OF,8.3,35.0,6,26,24,5,7,1,4,0,0,2,3,0.292,0.346,0.458,0.804,100,15998
79,Willson Contreras,BOS,1B,1B,8.1,35.5,6,26,24,4,7,2,3,0,0,2,9,0.292,0.346,0.583,0.929,100,11609
80,Gavin Sheets,SD,1B/OF,1B/OF,7.6,30.3,6,24,21,3,5,2,3,1,0,3,6,0.238,0.333,0.524,0.857,83,657757
81,Troy Johnston,COL,1B/OF,1B/OF,7.1,63.5,4,16,12,3,4,1,5,0,1,2,1,0.333,0.500,0.667,1.167,93,687859
82,Owen Caissie,MIA,OF,OF,6.9,64.8,4,13,12,2,4,2,4,0,1,0,5,0.333,0.308,0.917,1.224,20,683357
83,Dillon Dingler,DET,C,C,6.9,41.6,5,21,19,5,8,0,2,0,0,0,6,0.421,0.429,0.632,1.060,100,693307
84,Kyle Stowers,MIA,OF,OF,6.8,48.0,5,22,20,2,5,2,6,0,0,1,10,0.250,0.318,0.600,0.918,100,669065
85,Cole Carrigg,COL,OF,OF,6.8,27.2,6,26,21,5,4,1,4,1,0,5,5,0.190,0.346,0.333,0.679,98,694249
86,Matt Shaw,CHC,3B/OF,3B/OF,6.8,42.8,5,20,17,5,6,0,4,0,0,2,2,0.353,0.450,0.588,1.038,10,807713
87,Edmundo Sosa,PHI,2B/3B/ OF,2B/SS/ 3B/OF,6.2,40.2,5,17,16,4,7,1,1,0,0,0,2,0.438,0.471,0.750,1.221,0,624641
88,Sal Stewart,CIN,1B/3B,1B/3B,6.1,28.3,6,24,22,3,5,1,5,1,1,2,5,0.227,0.292,0.409,0.701,100,701398
89,Daniel Schneemann,CLE,2B/3B/ OF,2B/SS/ 3B/OF,5.9,43.6,5,15,13,3,2,2,6,0,0,2,7,0.154,0.267,0.615,0.882,13,682177
90,Sam Antonacci,CHW,2B/OF,2B/OF,5.7,29.7,6,21,20,4,6,2,2,0,0,1,5,0.300,0.333,0.700,1.033,99,803011
91,Garrett Mitchell,MIL,OF,OF,5.3,29.8,6,20,20,3,6,2,3,0,0,0,7,0.300,0.300,0.600,0.900,68,669003
92,Travis Bazzana,CLE,2B,2B,5.1,33.8,5,21,16,4,5,1,1,1,1,5,2,0.313,0.476,0.625,1.101,99,683953
93,Sterlin Thompson,COL,OF,OF,3.9,54.5,4,13,12,3,4,2,2,0,0,0,4,0.333,0.385,1.000,1.385,0,694514
94,Kevin McGonigle,DET,SS/3B,SS/3B,3.4,39.0,5,22,19,3,6,2,2,0,0,3,2,0.316,0.409,0.684,1.093,100,805808
95,Ian Happ,CHC,OF,OF,3.1,21.2,6,27,26,6,6,1,1,1,0,1,8,0.231,0.259,0.385,0.644,100,664023
96,Caleb Durbin,BOS,3B,2B/3B,2.6,35.8,5,19,18,5,4,2,2,0,0,1,3,0.222,0.263,0.611,0.874,17,702332
97,Pete Alonso,BAL,1B,1B,2.5,25.5,6,25,22,3,6,2,3,0,0,2,8,0.273,0.360,0.591,0.951,100,624413
98,Keibert Ruiz,WSH,C,C,2.5,51.5,4,15,15,3,6,1,2,0,0,0,1,0.400,0.400,0.600,1.000,90,660688
99,Mark Vientos,NYM,1B/3B,1B/3B,2.0,34.4,5,15,13,2,4,1,5,0,0,1,3,0.308,0.333,0.538,0.872,26,668901
100,Rodolfo Duran,SD,C,C,1.9,23.8,6,18,18,3,4,2,4,0,0,0,4,0.222,0.222,0.667,0.889,0,660710
101,Max Muncy,ATH,2B/3B,2B/SS/ 3B,1.8,34.2,5,12,11,2,2,2,5,0,0,0,2,0.182,0.167,0.727,0.894,20,691777
102,Jeff McNeil,ATH,2B/OF,2B/OF,1.7,20.7,6,18,16,4,4,1,4,0,0,2,2,0.250,0.333,0.438,0.771,10,643446
103,Ryan Kreidler,MIN,SS/OF,SS/OF,1.5,29.4,5,10,8,3,3,1,3,0,0,2,2,0.375,0.500,0.875,1.375,0,668952
104,A.J. Ewing,NYM,OF,OF,1.5,23.5,6,23,20,2,6,1,5,0,0,3,4,0.300,0.391,0.600,0.991,99,805999
105,Eugenio Suarez,CIN,3B,3B,1.3,26.2,6,23,23,2,4,2,7,0,0,0,13,0.174,0.174,0.478,0.652,100,12552
106,Masyn Winn,STL,SS,SS,1.1,11.6,7,27,23,5,8,0,2,0,1,3,4,0.348,0.407,0.435,0.842,33,691026
107,Jo Adell,LAA,OF,OF,1.0,13.1,7,32,29,6,9,0,2,0,0,2,5,0.310,0.375,0.414,0.789,100,666176
108,Blaze Alexander,BAL,2B/SS/ 3B/OF,2B/SS/ 3B/OF,0.7,24.6,5,18,17,2,8,0,0,1,1,1,2,0.471,0.500,0.529,1.029,12,677942
109,Jung Hoo Lee,SF,OF,OF,0.4,27.0,5,20,19,3,5,1,2,1,0,0,1,0.263,0.250,0.474,0.724,99,808982
110,Jared Triolo,PIT,1B/SS/ 3B,1B/2B/ SS/3B,0.3,19.8,5,21,18,3,5,0,1,2,0,2,6,0.278,0.381,0.333,0.714,1,669707
111,Cooper Pratt,MIL,SS,SS,0.1,33.0,4,14,12,1,4,0,2,2,0,1,4,0.333,0.357,0.333,0.690,0,806198
112,Blake Perkins,MIL,OF,OF,-0.2,70.3,3,10,10,2,4,1,3,0,0,0,3,0.400,0.400,0.900,1.300,0,663368
113,Gunnar Henderson,BAL,SS,SS,-0.3,21.7,6,25,22,3,4,2,5,0,0,2,6,0.182,0.280,0.455,0.735,100,683002
114,Isaac Paredes,HOU,3B,3B,-0.5,29.2,5,21,16,3,5,1,3,0,0,3,4,0.313,0.476,0.625,1.101,98,670623
115,Gabriel Moreno,ARI,C,C,-0.7,32.4,5,23,21,1,8,1,3,0,0,1,2,0.381,0.435,0.619,1.054,100,672515
116,Marcus Semien,NYM,2B,2B,-0.9,19.2,6,26,22,3,6,1,4,0,0,4,6,0.273,0.385,0.500,0.885,62,12533
117,Jonathan Aranda,TB,1B,1B,-0.9,19.2,6,26,23,3,7,1,3,0,0,2,5,0.304,0.385,0.478,0.863,100,666018
118,Jose Siri,LAA,OF,OF,-1.1,18.0,6,16,13,2,2,2,5,0,0,2,5,0.154,0.313,0.615,0.928,0,642350
119,Colt Emerson,SEA,SS/3B,SS/3B,-1.4,14.7,6,20,19,2,4,1,4,1,0,1,5,0.211,0.250,0.368,0.618,98,806068
120,Kody Clemens,MIN,1B/2B/ OF,1B/2B/ OF,-1.8,19.5,6,27,26,3,7,1,4,0,0,1,5,0.269,0.296,0.423,0.719,96,665019
121,John Rave,KC,OF,OF,-2.1,58.0,3,9,6,3,3,1,1,0,0,3,1,0.500,0.667,1.500,2.167,0,670231
122,Justin Crawford,PHI,OF,OF,-2.3,10.5,6,17,17,2,6,0,2,1,0,0,4,0.353,0.353,0.353,0.706,40,702222
123,Christian Yelich,MIL,DH,OF,-2.5,25.8,5,24,20,4,5,1,3,0,0,3,6,0.250,0.333,0.450,0.783,100,11477
124,Pedro Ramirez,CHC,3B,3B,-3.4,23.2,5,13,13,1,5,1,3,0,0,0,2,0.385,0.385,0.692,1.077,0,699393
125,Freddie Freeman,LAD,1B,1B,-3.6,16.2,6,27,23,3,5,2,3,0,0,4,3,0.217,0.333,0.478,0.812,100,5361
126,Maikel Garcia,KC,3B,2B/SS/ 3B/OF,-3.6,32.3,4,14,13,0,4,0,5,1,0,1,3,0.308,0.357,0.385,0.742,99,672580
127,Jarren Duran,BOS,OF,OF,-3.6,15.5,6,25,23,3,5,2,3,0,0,2,7,0.217,0.280,0.478,0.758,100,680776
128,Junior Caminero,TB,3B,3B,-4.6,13.5,6,24,23,2,7,1,3,0,0,1,8,0.304,0.333,0.478,0.812,100,691406
129,Nathan Lukes,TOR,OF,OF,-5.1,11.8,6,22,21,2,7,1,2,0,0,1,3,0.333,0.364,0.571,0.935,14,18123
130,Michael Harris II,ATL,OF,OF,-5.1,50.0,3,9,8,3,3,1,1,0,0,1,2,0.375,0.444,0.750,1.194,100,671739
131,Dylan Crews,WSH,OF,OF,-5.1,13.2,6,23,23,3,4,1,6,0,0,0,4,0.174,0.174,0.348,0.522,98,686611
132,Alika Williams,ATH,2B/SS,2B/SS,-5.2,27.8,4,12,11,2,6,0,1,0,0,1,2,0.545,0.583,0.818,1.402,0,675961
133,Justin Foscue,TEX,1B/2B,1B/2B,-5.3,15.4,5,10,9,2,4,1,1,0,0,1,1,0.444,0.500,0.778,1.278,1,679822
134,Yordan Alvarez,HOU,OF,OF,-5.5,10.2,6,27,26,4,9,0,1,0,0,1,4,0.346,0.370,0.423,0.793,100,670541
135,Kyle Higashioka,TEX,C,C,-5.8,95.0,2,8,8,1,3,1,3,0,0,0,1,0.375,0.375,0.750,1.125,7,5517
136,Michael Massey,KC,2B,2B/OF,-5.9,9.0,6,21,19,4,4,1,3,0,0,1,3,0.211,0.250,0.421,0.671,8,686681
137,Shea Langeliers,ATH,C,C,-6.1,10.8,6,28,25,4,5,1,4,0,1,3,5,0.200,0.286,0.400,0.686,100,669127
138,Nicky Lopez,TEX,2B/3B,2B/SS/ 3B,-6.1,-0.8,6,15,15,1,5,0,0,2,0,0,1,0.333,0.333,0.333,0.667,0,670032
139,Jonah Heim,ATH,C,C,-6.3,17.6,5,17,16,1,6,1,2,0,0,1,2,0.375,0.412,0.625,1.037,3,16930
140,Jeremiah Jackson,BAL,2B/OF,2B/3B/ OF,-6.3,90.0,2,5,5,1,2,1,3,0,0,0,1,0.400,0.400,1.000,1.400,12,669236
141,Hao-Yu Lee,DET,2B/3B,2B/3B,-6.4,10.8,5,15,15,1,6,0,1,1,1,0,4,0.400,0.400,0.467,0.867,0,701678
142,Victor Mesa Jr.,TB,OF,OF,-6.8,45.3,3,11,8,3,2,1,2,0,0,3,1,0.250,0.455,0.625,1.080,0,683748
143,Mauricio Dubon,ATL,2B/SS/ 3B/OF,2B/SS/ 3B/OF,-6.9,19.6,5,21,20,1,5,1,5,0,0,1,1,0.250,0.286,0.400,0.686,91,643289
144,Jake Mangum,PIT,OF,OF,-7.0,12.8,5,21,21,1,7,0,2,1,0,0,2,0.333,0.333,0.333,0.667,61,663968
145,Cedric Mullins,TB,OF,OF,-7.1,6.4,5,22,19,1,6,0,0,2,0,2,3,0.316,0.409,0.316,0.725,40,656775
146,Tyler Freeman,COL,OF,2B/OF,-7.2,12.6,5,20,18,6,4,0,2,0,1,1,3,0.222,0.300,0.333,0.633,13,671289
147,Willy Adames,SF,SS,SS,-7.5,16.8,5,20,20,3,4,2,2,0,0,0,3,0.200,0.200,0.500,0.700,100,642715
148,Nathan Church,STL,OF,OF,-7.5,3.7,6,19,15,3,6,0,1,0,0,4,4,0.400,0.526,0.533,1.060,16,701675
149,Spencer Horwitz,PIT,1B,1B,-7.7,3.5,6,30,21,7,4,0,2,0,0,6,5,0.190,0.433,0.333,0.767,79,687462
150,Curtis Mead,WSH,1B/3B,1B/2B/ 3B,-7.8,14.2,5,17,13,2,2,1,5,0,0,3,2,0.154,0.353,0.385,0.738,91,678554
151,Starling Marte,KC,OF,OF,-7.9,39.7,3,12,12,3,5,0,1,0,0,0,2,0.417,0.417,0.500,0.917,0,9241
152,Lars Nootbaar,STL,OF,OF,-8.2,3.5,6,22,18,4,6,0,1,0,1,3,6,0.333,0.409,0.333,0.742,83,663457
153,Jakob Marsee,MIA,OF,OF,-8.5,2.0,6,24,23,3,5,1,1,1,0,1,9,0.217,0.250,0.391,0.641,95,805300
154,Jake Meyers,HOU,OF,OF,-8.6,11.4,5,17,16,3,4,1,2,0,0,1,2,0.250,0.294,0.500,0.794,0,676694
155,Shohei Ohtani,LAD,DH,DH,-8.7,11.8,5,19,14,3,2,2,2,0,0,5,6,0.143,0.368,0.571,0.940,100,6602710
156,Kyle Schwarber,PHI,DH,OF,-9.0,5.2,6,28,24,3,7,1,1,0,0,4,10,0.292,0.393,0.417,0.810,100,16478
157,Austin Slater,FA,OF,OF,-9.0,20.3,3,9,7,1,2,0,0,2,0,2,2,0.286,0.444,0.286,0.730,0,596103
158,Noelvi Marte,CIN,3B/OF,3B/OF,-9.0,25.3,4,15,15,2,3,2,2,0,0,0,4,0.200,0.200,0.667,0.867,100,682622
159,Jake Burger,TEX,1B,1B,-9.3,5.7,6,25,23,2,6,1,3,0,0,2,8,0.261,0.320,0.478,0.798,99,669394
160,Ali Sanchez,NYY,C,C,-9.4,70.5,2,7,7,1,4,0,2,0,0,0,2,0.571,0.571,0.714,1.286,0,645305
161,Liam Hicks,MIA,C/1B,C/1B,-9.5,5.5,6,29,25,2,8,0,3,0,0,3,5,0.320,0.393,0.320,0.713,100,689414
162,Nolan Schanuel,LAA,1B,1B,-9.7,8.8,5,23,17,4,4,1,1,0,0,4,2,0.235,0.435,0.412,0.847,10,694384
163,Pavin Smith,ARI,1B,1B,-10.3,16.5,4,10,9,2,3,1,1,0,0,1,1,0.333,0.400,0.667,1.067,0,656976
164,Kerry Carpenter,DET,OF,OF,-10.3,8.0,5,13,11,1,3,1,3,0,0,1,4,0.273,0.385,0.636,1.021,98,681481
165,Dominic Canzone,SEA,OF,OF,-10.3,2.2,6,23,18,2,5,1,2,0,0,4,4,0.278,0.435,0.444,0.879,82,686527
166,Brooks Lee,MIN,2B/SS/ 3B,2B/SS/ 3B,-10.9,9.0,5,22,20,3,4,1,3,0,0,2,0,0.200,0.273,0.400,0.673,97,686797
167,Braxton Fulford,COL,C,C,-10.9,29.7,3,9,6,2,2,0,3,0,0,2,2,0.333,0.444,0.667,1.111,0,690924
168,Tommy Troy,ARI,2B/OF,2B/OF,-11.0,18.5,4,14,14,2,3,1,3,0,0,0,3,0.214,0.214,0.571,0.786,3,694371
169,Brice Turang,MIL,2B,2B/SS,-11.6,10.4,5,23,21,1,5,1,4,0,0,2,9,0.238,0.304,0.429,0.733,100,668930
170,Endy Rodriguez,PIT,C/1B,C/1B,-11.6,5.2,5,17,13,1,4,1,2,0,0,4,4,0.308,0.471,0.538,1.009,20,682848
171,Alex Bregman,CHC,3B,3B,-11.8,-1.0,6,28,20,2,6,0,3,0,0,6,2,0.300,0.464,0.300,0.764,100,17678
172,Bryce Eldridge,SF,DH,1B,-12.1,7.6,5,22,19,1,5,1,3,0,0,3,2,0.263,0.364,0.421,0.785,99,805811
173,Miguel Rojas,LAD,2B/SS/ 3B,2B/SS/ 3B,-12.9,23.3,3,6,5,1,2,1,1,0,0,1,1,0.400,0.500,1.000,1.500,0,7802
174,Junior Perez,CHW,OF,OF,-12.9,52.5,2,5,5,1,2,1,1,0,1,0,1,0.400,0.400,1.000,1.400,0,678577
175,Randal Grichuk,CHW,OF,OF,-13.2,9.5,4,12,11,2,3,1,1,0,0,1,5,0.273,0.333,0.636,0.970,0,10243
176,Justin Dean,CHC,OF,OF,-13.5,131.0,1,2,2,1,1,0,3,0,0,0,0,0.500,0.500,1.500,2.000,0,681909
177,Cole Young,SEA,2B,2B,-13.7,-3.0,6,24,23,3,5,1,2,0,0,1,2,0.217,0.250,0.391,0.641,50,702284
178,Marcell Ozuna,PIT,DH,OF,-14.0,52.0,2,9,9,1,3,1,1,0,0,0,3,0.333,0.333,0.667,1.000,4,10324
179,Ryan Vilade,TB,1B/OF,1B/OF,-14.1,21.7,3,8,8,1,2,1,2,0,0,0,1,0.250,0.250,0.625,0.875,0,668723
180,Spencer Jones,NYY,OF,OF,-14.1,-0.4,5,17,13,3,2,1,2,0,0,4,6,0.154,0.353,0.462,0.814,43,682987
181,Alec Burleson,STL,1B/OF,1B/OF,-14.2,-6.0,7,31,29,2,6,1,4,0,0,1,4,0.207,0.226,0.379,0.605,100,676475
182,Jasson Dominguez,NYY,OF,OF,-14.2,2.0,5,22,21,3,5,1,1,0,0,1,5,0.238,0.273,0.524,0.797,100,691176
183,Kazuma Okamoto,TOR,3B,3B,-14.3,-5.0,6,23,20,3,4,1,2,0,0,3,8,0.200,0.304,0.450,0.754,100,672960
184,Raynel Delgado,HOU,2B,2B,-14.4,45.5,2,7,7,1,3,0,2,0,0,0,1,0.429,0.429,0.429,0.857,0,669384
185,Carson Benge,NYM,OF,OF,-14.7,-8.8,6,29,27,3,7,0,0,1,0,2,5,0.259,0.310,0.333,0.644,100,701807
186,Brandon Nimmo,TEX,OF,OF,-15.0,-4.7,6,23,23,1,7,0,3,0,0,0,3,0.304,0.304,0.522,0.826,99,12927
187,Christian Walker,HOU,1B,1B,-15.1,-5.0,6,26,23,3,4,1,3,0,0,3,4,0.174,0.269,0.348,0.617,100,13419
188,Jordan Walker,STL,OF,OF,-15.2,-7.1,7,30,28,1,7,1,3,0,0,1,6,0.250,0.267,0.357,0.624,100,691023
189,Brett Sullivan,COL,C,C,-15.4,17.0,3,10,8,2,1,1,2,0,0,1,2,0.125,0.200,0.500,0.700,0,664954
190,Alejandro Osuna,TEX,OF,OF,-15.4,-3.4,5,16,16,3,4,0,2,0,0,0,4,0.250,0.250,0.313,0.563,0,696030
191,Eli White,ATL,OF,OF,-16.0,-2.8,5,17,16,1,4,1,2,0,0,1,4,0.250,0.294,0.563,0.857,0,642201
192,Stuart Fairchild,CLE,OF,OF,-16.0,3.3,3,8,6,1,2,0,0,1,0,1,4,0.333,0.500,0.333,0.833,0,656413
193,Vladimir Guerrero Jr.,TOR,1B,1B,-16.1,6.8,4,15,15,1,3,1,3,0,0,0,1,0.200,0.200,0.400,0.600,100,665489
194,Otto Lopez,MIA,2B/SS,2B/SS,-16.1,-12.5,6,26,21,2,5,0,1,1,0,4,2,0.238,0.346,0.286,0.632,100,672640
195,Marcelo Mayer,BOS,2B/SS/ 3B,2B/SS/ 3B,-16.1,-3.0,5,19,16,1,4,0,4,0,0,3,5,0.250,0.368,0.313,0.681,9,691785
196,Jonny DeLuca,TB,OF,OF,-16.5,107.0,1,4,4,1,1,1,1,0,0,0,1,0.250,0.250,1.000,1.250,1,676356
197,Ezequiel Duran,TEX,1B/2B/ SS/3B/ OF,1B/2B/ SS/3B/ OF,-16.6,-2.0,5,22,18,2,3,1,3,0,0,4,7,0.167,0.318,0.333,0.652,96,677649
198,Brayan Rocchio,CLE,2B/SS,2B/SS,-16.7,-9.6,5,20,18,2,4,0,1,1,0,2,4,0.222,0.300,0.333,0.633,93,677587
199,Elias Diaz,TEX,C,C,-16.9,1.0,4,12,12,1,4,0,2,0,0,0,2,0.333,0.333,0.417,0.750,0,11680
200,Tristan Peters,CHW,OF,OF,-16.9,-11.0,6,17,15,3,2,1,2,0,0,1,3,0.133,0.235,0.333,0.569,6,671976
201,Nick Gonzales,PIT,2B/3B,2B/SS/ 3B,-17.0,-12.2,6,25,24,2,5,0,2,1,0,0,4,0.208,0.240,0.292,0.532,46,693304
202,Salvador Perez,KC,C/1B,C/1B,-17.2,-11.7,7,30,30,3,7,1,1,0,0,0,5,0.233,0.233,0.400,0.633,99,7304
203,Jordan Lawlar,ARI,3B,3B,-17.2,-12.4,5,19,16,2,4,0,0,1,0,2,3,0.250,0.368,0.313,0.681,99,691783
204,Blake Dunn,CIN,OF,OF,-17.2,-4.5,4,18,16,2,4,0,0,1,1,1,2,0.250,0.333,0.375,0.708,32,694362
205,Jose Tena,WSH,3B,2B/3B,-17.4,-7.5,4,10,10,0,3,0,1,1,0,0,4,0.300,0.300,0.300,0.600,0,677588
206,Nick Loftin,KC,2B/3B/ OF,2B/3B/ OF,-17.4,-10.8,6,22,19,1,6,0,2,0,0,3,4,0.316,0.409,0.526,0.935,0,679845
207,Pedro Pages,STL,C,C,-17.4,9.0,3,10,9,1,3,0,2,0,0,0,2,0.333,0.300,0.556,0.856,4,686780
208,Jake McCarthy,COL,OF,OF,-17.5,-0.8,4,18,17,2,6,0,0,0,0,1,2,0.353,0.389,0.412,0.801,94,664983
209,Ceddanne Rafaela,BOS,2B/OF,2B/OF,-17.5,-9.0,6,26,25,2,7,0,2,0,1,0,6,0.280,0.280,0.400,0.680,100,678882
210,Brandon Lowe,PIT,2B,2B,-17.7,-8.5,6,29,25,3,4,1,3,0,0,3,11,0.160,0.241,0.320,0.561,100,664040
211,Julio Rodriguez,SEA,OF,OF,-18.0,-4.8,5,20,19,2,3,1,3,0,0,1,6,0.158,0.200,0.368,0.568,100,677594
212,Brice Matthews,HOU,2B/OF,2B/OF,-18.0,-7.0,5,15,14,1,3,1,2,0,0,1,4,0.214,0.267,0.500,0.767,6,694728
213,William Contreras,MIL,C,C,-18.1,-13.3,6,23,20,3,6,0,0,0,0,3,2,0.300,0.391,0.350,0.741,100,661388
214,Ezequiel Tovar,COL,SS,SS,-18.1,-9.2,5,20,19,3,5,0,1,0,0,1,6,0.263,0.300,0.316,0.616,83,678662
215,Connor Wong,BOS,C,C,-18.2,13.5,2,6,5,0,2,0,0,1,0,1,2,0.400,0.500,0.400,0.900,0,657136
216,Jackson Holliday,BAL,2B,2B/SS,-18.2,-12.8,6,19,17,3,3,1,1,0,0,2,6,0.176,0.263,0.412,0.675,99,702616
217,Matt McLain,CIN,2B/SS,2B/SS,-18.3,-18.8,6,21,16,3,3,0,0,1,0,4,8,0.188,0.381,0.313,0.693,98,680574
218,Gary Sanchez,MIL,C,C,-18.5,-12.0,5,11,10,2,3,0,1,0,0,1,1,0.300,0.364,0.300,0.664,9,11442
219,Joc Pederson,TEX,DH,DH,-18.5,-12.8,6,19,17,2,3,1,2,0,0,1,6,0.176,0.263,0.353,0.616,9,11899
220,Josh Jung,TEX,3B,3B,-18.6,-13.8,6,27,23,4,6,0,0,0,0,3,3,0.261,0.370,0.261,0.631,100,673962
221,Sal Frelick,MIL,OF,OF,-18.7,-6.5,4,11,9,2,2,0,2,0,0,2,0,0.222,0.364,0.333,0.697,65,686217
222,Daniel Susac,SF,C,C,-19.0,-0.7,3,12,10,0,2,0,2,1,0,0,2,0.200,0.182,0.200,0.382,36,691740
223,Kyle Manzardo,CLE,1B,1B,-19.0,-9.2,5,18,15,2,3,1,1,0,0,2,5,0.200,0.333,0.400,0.733,44,700932
224,Alex Call,LAD,OF,OF,-19.2,-5.7,3,8,7,1,1,0,1,1,0,1,3,0.143,0.250,0.143,0.393,0,669743
225,Ryan McMahon,NYY,3B,3B,-19.4,-9.6,5,16,15,1,3,1,2,0,1,1,3,0.200,0.250,0.400,0.650,0,15112
226,Matt Chapman,SF,3B,3B,-19.5,-7.2,5,23,19,2,2,1,4,0,0,3,7,0.105,0.217,0.263,0.481,100,16505
227,Jacob Young,WSH,OF,OF,-19.5,-11.3,4,15,14,1,3,0,1,1,1,1,2,0.214,0.267,0.357,0.624,35,696285
228,Andres Chaparro,WSH,1B,1B,-19.8,9.5,2,3,2,2,1,0,0,0,0,1,0,0.500,0.667,1.000,1.667,0,665953
229,Trea Turner,PHI,SS,SS,-20.0,-17.0,5,20,18,2,4,0,0,1,0,0,5,0.222,0.300,0.278,0.578,100,16252
230,Alex Jackson,MIN,C,C,-20.0,-0.7,3,11,11,2,3,0,1,0,0,0,3,0.273,0.273,0.455,0.727,0,656577
231,Gabriel Rincones Jr.,PHI,OF,OF,-20.0,-4.5,4,12,12,1,2,1,2,0,0,0,1,0.167,0.167,0.417,0.583,0,687282
232,Matt Olson,ATL,1B,1B,-20.4,-13.2,5,21,19,2,6,0,0,0,0,2,4,0.316,0.381,0.316,0.697,100,14344
233,Drew Gilbert,SF,OF,OF,-20.4,-15.8,5,20,13,4,2,0,1,0,1,5,1,0.154,0.450,0.231,0.681,0,687551
234,Will Wagner,SD,3B,1B/3B,-20.5,-19.3,6,17,15,3,4,0,0,0,0,2,4,0.267,0.353,0.267,0.620,0,695238
235,Francisco Alvarez,NYM,C,C,-20.7,-12.6,5,21,19,1,6,0,1,0,0,2,4,0.316,0.381,0.316,0.697,96,682626
236,Alex Freeland,LAD,2B/3B,2B/3B,-20.8,-17.2,6,19,17,1,4,0,3,0,0,1,10,0.235,0.263,0.294,0.557,0,690976
237,Jorbit Vivas,WSH,2B/3B,2B/3B,-21.2,9.5,2,7,6,1,2,0,1,0,0,1,1,0.333,0.429,0.333,0.762,0,678391
238,Matt Vierling,DET,OF,OF,-21.4,-8.5,4,13,13,1,2,1,2,0,0,0,2,0.154,0.154,0.385,0.538,1,663837
239,Brandon Valenzuela,TOR,C,C,-21.4,10.0,2,8,7,0,3,0,1,0,0,1,3,0.429,0.500,0.571,1.071,33,678218
240,Heriberto Hernandez,MIA,OF,OF,-21.6,-12.0,5,20,20,1,4,1,2,0,0,0,8,0.200,0.200,0.400,0.600,11,681715
241,Masataka Yoshida,BOS,DH,OF,-22.0,-6.7,3,11,11,1,4,0,0,0,0,0,2,0.364,0.364,0.455,0.818,0,807799
242,Chase Meidroth,CHW,2B/SS,2B/SS,-22.1,-17.0,6,24,23,2,4,1,2,0,0,0,12,0.174,0.208,0.348,0.556,73,805367
243,Kameron Misner,KC,OF,OF,-22.2,-12.3,3,11,11,0,3,0,0,1,0,0,5,0.273,0.273,0.273,0.545,1,670224
244,Drake Baldwin,ATL,C,C,-22.5,-2.7,3,14,14,2,2,1,1,0,0,0,7,0.143,0.143,0.357,0.500,100,686948
245,Miles Mastrobuoni,FA,3B/OF,2B/3B/ OF,-22.6,-24.2,5,16,13,2,2,0,0,1,0,2,6,0.154,0.267,0.154,0.421,0,670156
246,Mitch Garver,SEA,C,C,-22.7,2.5,2,7,7,1,2,0,1,0,0,0,4,0.286,0.286,0.286,0.571,2,15161
247,Jose Fermin,STL,2B/OF,2B/OF,-22.7,-17.6,5,16,16,1,4,0,2,0,0,0,1,0.250,0.250,0.250,0.500,0,665877
248,Richie Palacios,TB,2B/OF,2B/OF,-22.9,-15.3,4,14,13,2,3,0,1,0,0,1,3,0.231,0.286,0.385,0.670,5,680700
249,Gleyber Torres,DET,2B,2B,-23.0,-3.5,2,6,5,1,2,0,0,0,0,1,1,0.400,0.500,0.600,1.100,75,16997
250,Manny Machado,SD,3B,3B,-23.1,-18.7,6,27,23,3,3,1,2,0,0,3,7,0.130,0.222,0.304,0.527,100,11493
251,Joey Loperfido,HOU,OF,OF,-23.1,-22.2,5,13,10,3,2,0,0,0,0,3,0,0.200,0.385,0.400,0.785,0,694388
252,Ben Williamson,TB,2B/SS/ 3B,2B/SS/ 3B,-23.3,-14.8,4,12,12,1,2,1,1,0,0,0,0,0.167,0.167,0.417,0.583,0,810938
253,David Hamilton,MIL,2B/SS/ 3B,2B/SS/ 3B,-23.4,-22.8,4,12,11,1,2,0,0,1,1,0,2,0.182,0.182,0.182,0.364,33,666152
254,Eric Wagaman,NYM,1B/OF,1B/3B/ OF,-23.4,-19.5,4,6,5,0,2,0,1,0,0,1,3,0.400,0.500,0.400,0.900,0,676572
255,Nolan Arenado,ARI,3B,3B,-23.5,-27.5,6,25,24,1,4,0,0,2,0,1,6,0.167,0.200,0.167,0.367,64,9777
256,Jair Camargo,ATL,C,C,-23.5,22.0,1,2,2,1,1,0,0,0,0,0,1,0.500,0.500,1.000,1.500,0,665856
257,Tyler Tolbert,KC,OF,SS/OF,-24.0,-16.0,3,9,7,2,1,0,1,0,0,1,3,0.143,0.222,0.143,0.365,0,686475
258,Hunter Feduccia,TB,C,C,-24.1,-19.0,4,14,13,3,2,0,1,0,0,1,3,0.154,0.214,0.231,0.445,1,676439
259,Wilyer Abreu,BOS,OF,OF,-24.3,-24.0,6,26,24,0,5,0,2,1,1,2,5,0.208,0.269,0.250,0.519,100,677800
260,Luisangel Acuna,CHW,2B/SS/ OF,2B/SS/ OF,-24.4,-20.0,4,9,9,0,3,0,1,0,1,0,3,0.333,0.333,0.333,0.667,5,682668
261,Oswald Peraza,LAA,2B/3B,1B/2B/ SS/3B,-24.6,-23.7,6,22,22,2,6,0,0,0,1,0,9,0.273,0.273,0.364,0.636,54,672724
262,Michael Busch,CHC,1B,1B,-24.6,-26.5,6,28,21,1,4,0,1,1,0,6,4,0.190,0.393,0.238,0.631,100,683737
263,Cam Smith,HOU,OF,OF,-24.6,-23.0,6,23,22,2,6,0,0,0,0,1,5,0.273,0.304,0.364,0.668,96,701358
264,Mike Yastrzemski,ATL,OF,OF,-24.7,-22.0,5,15,13,1,2,1,1,0,0,2,5,0.154,0.267,0.385,0.651,2,573262
265,Miguel Amaya,CHC,C,C,-24.7,-8.0,2,8,7,0,3,0,0,0,0,0,1,0.429,0.500,0.714,1.214,2,665804
266,Ryan Ward,LAD,OF,OF,-24.8,-24.6,5,16,12,2,3,0,0,0,0,4,5,0.250,0.438,0.417,0.854,5,669899
267,Jose Ramirez,CLE,3B,3B,-25.0,8.0,1,3,3,1,1,0,0,0,0,0,0,0.333,0.333,0.667,1.000,100,13510
268,Derek Hill,PHI,OF,OF,-25.1,-20.8,4,12,12,1,3,0,1,0,0,0,6,0.250,0.250,0.250,0.500,0,656537
269,Taylor Walls,TB,SS,SS,-25.1,-21.4,5,17,14,0,3,0,3,0,0,1,4,0.214,0.250,0.214,0.464,0,670764
270,Andrew Vaughn,MIL,1B,1B,-25.1,-26.7,6,17,12,1,3,0,1,0,0,5,3,0.250,0.471,0.417,0.887,79,683734
271,Cal Raleigh,SEA,C,C,-25.3,-20.8,4,16,11,1,2,0,2,0,0,5,5,0.182,0.438,0.182,0.619,100,663728
272,Gabriel Arias,CLE,2B/SS,2B/SS/ 3B,-25.4,-14.7,3,13,13,0,4,0,1,0,0,0,6,0.308,0.308,0.385,0.692,0,672356
273,Vinnie Pasquantino,KC,1B,1B,-25.4,10.0,1,3,3,0,1,0,1,0,0,0,1,0.333,0.333,0.333,0.667,69,686469
274,Dominic Smith,ATL,1B,1B,-25.5,-24.0,5,15,12,0,3,0,2,0,0,1,3,0.250,0.267,0.333,0.600,2,15653
275,Santiago Espinal,FA,2B/3B,2B/SS/ 3B/OF,-25.6,1.0,1,1,1,0,1,0,0,0,0,0,0,1.000,1.000,1.000,2.000,0,669289
276,Chase DeLauter,CLE,OF,OF,-25.6,1.0,1,1,1,0,1,0,0,0,0,0,0,1.000,1.000,1.000,2.000,95,800050
277,Ildemaro Vargas,ARI,1B/2B,1B/2B/ 3B,-25.7,-22.5,4,15,13,3,1,0,2,0,0,2,2,0.077,0.200,0.077,0.277,29,13324
278,Max Schuemann,NYY,2B/SS/ 3B/OF,2B/SS/ 3B/OF,-25.9,-16.5,2,6,6,2,1,0,0,0,0,0,1,0.167,0.167,0.333,0.500,0,680474
279,Jose Trevino,CIN,C,C,-26.0,-15.0,2,7,7,1,2,0,0,0,0,0,1,0.286,0.286,0.286,0.571,0,624431
280,Yainer Diaz,HOU,C,C,-26.0,-15.5,2,8,7,1,2,0,0,0,0,1,2,0.286,0.375,0.429,0.804,93,673237
281,Tyler Callihan,PIT,OF,OF,-26.0,-26.8,6,18,17,1,5,0,0,0,0,0,6,0.294,0.333,0.294,0.627,2,682997
282,Drew Millas,WSH,C,C,-26.0,-16.0,2,7,7,1,2,0,0,0,0,0,2,0.286,0.286,0.429,0.714,0,686452
283,Coby Mayo,BAL,1B/3B,1B/3B,-26.0,-22.7,3,7,7,1,2,0,0,0,0,0,3,0.286,0.286,0.429,0.714,19,691723
284,Tyler Stephenson,CIN,C,C,-26.2,-24.8,4,13,13,2,3,0,0,0,0,0,6,0.231,0.231,0.231,0.462,84,663886
285,Tommy Edman,LAD,2B/OF,2B/3B/ OF,-26.2,-16.0,2,9,8,0,3,0,0,0,0,1,1,0.375,0.444,0.500,0.944,4,669242
286,Leody Taveras,BAL,OF,OF,-26.3,-27.8,6,23,22,0,4,0,2,1,0,0,10,0.182,0.182,0.364,0.545,10,665750
287,Luis Rengifo,FA,2B/3B,2B/SS/ 3B,-26.5,-4.0,1,4,4,1,1,0,0,0,0,0,0,0.250,0.250,0.250,0.500,0,650859
288,Nathaniel Lowe,CIN,1B,1B,-26.5,-26.6,5,16,14,1,4,0,0,0,0,2,5,0.286,0.375,0.357,0.732,34,663993
289,Logan Porter,LAA,C,C,-26.5,-21.0,2,6,4,1,1,0,0,0,0,2,2,0.250,0.500,0.500,1.000,0,682515
290,Lourdes Gurriel Jr.,ARI,OF,OF,-26.7,-19.0,3,12,12,1,2,0,2,0,0,0,1,0.167,0.167,0.167,0.333,13,666971
291,Yandy Diaz,TB,1B,1B,-27.4,-27.0,6,27,23,2,5,0,1,0,0,3,5,0.217,0.333,0.217,0.551,100,650490
292,Nelson Velazquez,STL,OF,OF,-27.5,-29.8,4,10,8,1,2,0,0,0,0,2,3,0.250,0.400,0.375,0.775,1,676369
293,J.C. Escarra,NYY,C,C,-27.6,-27.5,4,15,14,2,3,0,0,0,0,1,0,0.214,0.267,0.286,0.552,0,641555
294,David Fry,CLE,OF,OF,-28.2,-28.6,5,14,12,1,1,1,1,0,0,2,3,0.083,0.214,0.333,0.548,0,681807
295,Nick Solak,SD,1B,1B,-28.4,-30.7,3,6,5,0,1,0,1,0,0,0,0,0.200,0.167,0.200,0.367,0,669256
296,Michael Helman,TEX,OF,OF,-29.0,-27.0,1,4,2,0,0,0,1,0,0,0,0,0.000,0.250,0.000,0.250,0,680737
297,Austin Riley,ATL,3B,3B,-29.2,-29.4,5,20,19,0,5,0,1,0,0,1,6,0.263,0.300,0.316,0.616,99,663586
298,Eric Haase,SF,C,C,-29.5,-32.5,2,8,6,1,1,0,0,0,0,1,1,0.167,0.286,0.167,0.452,1,606992
299,Amed Rosario,NYY,3B,2B/3B,-29.5,-34.0,2,6,6,1,1,0,0,0,0,0,1,0.167,0.167,0.333,0.500,0,642708
300,Moises Ballesteros,CHC,DH,C,-29.5,-35.3,3,7,6,1,1,0,0,0,0,1,2,0.167,0.286,0.333,0.619,13,694208
301,Sung-Mun Song,SD,2B/3B,2B/3B,-29.5,-35.0,3,6,6,1,1,0,0,0,0,0,1,0.167,0.167,0.167,0.333,0,823550
302,Samuel Basallo,BAL,C,C,-29.7,-31.0,6,24,22,1,5,0,1,0,0,2,6,0.227,0.292,0.227,0.519,100,694212
303,Colton Cowser,BAL,OF,OF,-29.9,-34.2,5,15,13,1,3,0,0,0,0,2,5,0.231,0.333,0.231,0.564,83,681297
304,Connor Joe,SEA,OF,1B/OF,-30.2,-39.0,1,4,4,0,1,0,0,0,0,0,3,0.250,0.250,0.250,0.500,0,656582
305,Ryan Waldschmidt,ARI,OF,OF,-30.2,-39.0,1,4,4,0,1,0,0,0,0,0,1,0.250,0.250,0.500,0.750,79,814439
306,Wade Meckler,LAA,OF,OF,-30.3,-33.7,7,20,19,1,4,0,1,0,0,1,6,0.211,0.250,0.263,0.513,18,685133
307,Edouard Julien,COL,1B/2B,1B/2B,-30.4,-36.3,4,12,10,1,2,0,0,0,0,2,1,0.200,0.333,0.200,0.533,1,666397
308,Carlos Narvaez,BOS,C,C,-30.6,-35.7,3,10,9,1,1,0,1,0,0,0,5,0.111,0.100,0.111,0.211,21,665966
309,Patrick Wisdom,SEA,1B,1B,-30.7,-51.0,1,1,1,0,0,0,0,0,0,0,0,0.000,0.000,0.000,0.000,0,13602
310,Trey Mancini,FA,1B,1B,-30.7,-51.0,1,1,1,0,0,0,0,0,0,0,1,0.000,0.000,0.000,0.000,0,15149
311,Freddy Fermin,SD,C,C,-30.7,-51.0,1,3,1,0,0,0,0,0,0,2,0,0.000,0.667,0.000,0.667,0,666023
312,Will Benson,CIN,OF,OF,-30.7,-51.0,1,1,1,0,0,0,0,0,0,0,1,0.000,0.000,0.000,0.000,0,666181
313,Jarred Kelenic,TEX,OF,OF,-30.7,-51.0,1,1,1,0,0,0,0,0,0,0,1,0.000,0.000,0.000,0.000,0,672284
314,Jorge Barrosa,ARI,OF,OF,-30.7,-44.5,2,2,1,0,0,0,0,0,0,0,0,0.000,0.000,0.000,0.000,0,678489
315,Angel Martinez,CLE,2B/OF,2B/OF,-30.7,-51.0,1,1,1,0,0,0,0,0,0,0,0,0.000,0.000,0.000,0.000,97,682657
316,Daylen Lile,WSH,OF,OF,-30.8,-33.5,6,23,21,2,3,0,2,0,1,1,2,0.143,0.217,0.286,0.503,100,695734
317,Henry Davis,PIT,C,C,-31.0,-40.0,2,8,7,1,1,0,0,0,1,0,2,0.143,0.250,0.286,0.536,2,680779
318,Xander Bogaerts,SD,SS,SS,-31.1,-36.0,6,23,18,3,2,0,1,0,0,3,5,0.111,0.304,0.111,0.415,98,12161
319,Rhys Hoskins,CLE,1B,1B,-31.1,-31.2,5,21,20,1,2,1,2,0,0,1,9,0.100,0.143,0.300,0.443,0,656555
320,Cody Freeman,TEX,2B,2B/3B/ OF,-31.3,-37.2,5,15,14,1,3,0,0,0,0,1,4,0.214,0.267,0.214,0.481,0,683227
321,Garrett Stubbs,PHI,DH,C,-31.6,-53.0,1,4,4,1,0,0,0,0,0,0,1,0.000,0.000,0.000,0.000,0,596117
322,Zack Short,NYM,SS,SS,-31.6,-46.5,2,5,4,1,0,0,0,0,0,0,2,0.000,0.000,0.000,0.000,0,670097
323,Spencer Steer,CIN,1B/2B/ OF,1B/2B/ OF,-31.8,-33.8,5,19,17,1,1,1,2,0,0,2,7,0.059,0.158,0.235,0.393,100,668715
324,Kyler Fedko,MIN,OF,OF,-32.0,-44.0,2,5,4,0,0,0,1,0,0,0,2,0.000,0.000,0.000,0.000,0,693459
325,Orlando Arcia,MIN,2B/SS/ 3B,2B/SS/ 3B,-32.3,-64.0,1,2,2,0,0,0,0,0,0,0,0,0.000,0.000,0.000,0.000,0,13185
326,Rowdy Tellez,ATL,1B,1B,-32.3,-51.0,2,2,2,0,0,0,0,0,0,0,1,0.000,0.000,0.000,0.000,0,15679
327,Nate Eaton,BOS,OF,3B/OF,-32.3,-64.0,1,2,2,0,0,0,0,0,0,0,0,0.000,0.000,0.000,0.000,0,681987
328,Brett Baty,NYM,1B/2B/ 3B/OF,1B/2B/ 3B/OF,-32.3,-37.8,4,16,11,0,2,0,1,0,0,3,6,0.182,0.438,0.182,0.619,59,683146
329,Collin Price,HOU,C,C,-32.3,-64.0,1,2,2,0,0,0,0,0,0,0,1,0.000,0.000,0.000,0.000,0,805672
330,Jorge Mateo,ATL,SS,2B/SS/ OF,-32.5,-42.8,4,8,8,1,1,0,0,0,0,0,2,0.125,0.125,0.125,0.250,2,17273
331,Myles Straw,TOR,OF,OF,-32.5,-43.7,3,9,8,1,1,0,0,0,0,1,1,0.125,0.222,0.250,0.472,0,664702
332,Esmerlyn Valdez,PIT,OF,OF,-32.5,-43.3,3,8,8,1,1,0,0,0,0,0,3,0.125,0.125,0.250,0.375,3,699013
333,Austin Hedges,CLE,C,C,-32.7,-42.0,3,10,9,0,2,0,0,0,0,0,1,0.222,0.222,0.222,0.444,0,12976
334,Ozzie Albies,ATL,2B,2B,-32.7,-37.2,5,21,21,2,4,0,0,0,0,0,2,0.190,0.190,0.190,0.381,100,16556
335,Josh Smith,TEX,1B/2B/ SS/3B,1B/2B/ SS/3B/ OF,-32.7,-43.0,3,9,9,0,2,0,0,0,0,0,2,0.222,0.222,0.333,0.556,3,669701
336,Edwin Arroyo,CIN,SS,SS,-32.7,-37.2,6,22,20,2,3,0,1,0,0,0,4,0.150,0.227,0.200,0.427,2,695490
337,Josh Naylor,SEA,1B,1B,-32.8,-39.0,4,15,15,1,3,0,0,0,0,0,2,0.200,0.200,0.333,0.533,100,647304
338,Spencer Torkelson,DET,1B,1B,-32.8,-36.8,5,20,18,2,1,1,1,0,0,2,8,0.056,0.150,0.222,0.372,92,679529
339,Christian Moore,LAA,2B,2B,-32.8,-45.0,2,9,8,0,1,0,1,0,0,0,7,0.125,0.111,0.125,0.236,0,695681
340,Austin Martin,MIN,OF,OF,-33.1,-43.3,4,12,11,2,1,0,0,0,0,1,5,0.091,0.167,0.182,0.348,20,668885
341,Patrick Bailey,CLE,C,C,-33.2,-51.0,2,6,6,0,1,0,0,0,0,0,4,0.167,0.167,0.167,0.333,0,672275
342,Victor Robles,SEA,OF,OF,-33.6,-39.2,6,20,19,1,4,0,0,0,0,1,2,0.211,0.250,0.211,0.461,0,645302
343,Riley Greene,DET,OF,OF,-33.6,-39.2,5,21,19,1,4,0,0,0,0,2,7,0.211,0.286,0.211,0.496,100,682985
344,Dalton Rushing,LAD,C,C,-33.7,-39.2,5,21,18,1,3,0,1,0,0,2,9,0.167,0.286,0.278,0.563,89,687221
345,Jhonny Pereda,SEA,C,C,-33.8,-76.0,1,3,3,0,0,0,0,0,0,0,1,0.000,0.000,0.000,0.000,0,640902
346,Chuckie Robinson,LAD,C,C,-33.8,-76.0,1,3,3,0,0,0,0,0,0,0,1,0.000,0.000,0.000,0.000,0,642020
347,Weston Wilson,SEA,3B/OF,2B/3B/ OF,-33.8,-76.0,1,3,3,0,0,0,0,0,0,0,0,0.000,0.000,0.000,0.000,0,642215
348,Vidal Brujan,NYM,3B,SS/3B/ OF,-33.8,-57.5,2,3,3,0,0,0,0,0,0,0,1,0.000,0.000,0.000,0.000,0,660644
349,Bryan Torres,STL,OF,OF,-33.8,-76.0,1,3,3,0,0,0,0,0,0,0,0,0.000,0.000,0.000,0.000,0,663494
350,Taylor Trammell,HOU,OF,OF,-33.8,-57.5,2,3,3,0,0,0,0,0,0,0,2,0.000,0.000,0.000,0.000,0,666211
351,Dane Myers,CIN,OF,OF,-33.8,-57.5,2,3,3,0,0,0,0,0,0,0,1,0.000,0.000,0.000,0.000,0,667472
352,Trei Cruz,DET,SS,SS,-33.8,-76.0,1,3,3,0,0,0,0,0,0,0,3,0.000,0.000,0.000,0.000,0,669360
353,Billy Cook,PIT,OF,OF,-33.8,-57.5,2,3,3,0,0,0,0,0,0,0,2,0.000,0.000,0.000,0.000,0,695257
354,Christian Vazquez,HOU,C,C,-33.9,-47.0,3,10,9,1,1,0,0,0,0,1,2,0.111,0.200,0.111,0.311,15,9774
355,Bryce Harper,PHI,1B,1B,-33.9,-40.0,6,26,19,3,1,0,2,0,1,5,6,0.053,0.231,0.053,0.283,100,11579
356,Luis Torrens,NYM,C,C,-33.9,-51.5,2,9,9,1,1,0,0,0,0,0,1,0.111,0.111,0.111,0.222,3,620443
357,Leo Jimenez,MIA,2B/3B,2B/SS/ 3B,-33.9,-47.3,3,9,9,1,1,0,0,0,0,0,5,0.111,0.111,0.222,0.333,0,677870
358,Jimmy Crooks,STL,C,C,-33.9,-41.4,5,13,11,0,1,0,2,0,0,2,2,0.091,0.231,0.182,0.413,17,699625
359,Mickey Gasper,BOS,C,C,-34.5,-41.0,5,17,16,0,3,0,1,0,0,1,1,0.188,0.235,0.250,0.485,25,681508
360,LuJames Groover,ARI,3B,3B,-34.6,-46.0,4,13,12,2,1,0,0,0,0,1,3,0.083,0.154,0.167,0.321,0,694410
361,Jahmai Jones,DET,OF,OF,-34.7,-47.5,4,7,7,0,1,0,0,0,0,0,3,0.143,0.143,0.143,0.286,0,663330
362,Adrian Del Castillo,ARI,C,C,-34.7,-56.5,2,7,7,0,1,0,0,0,0,0,3,0.143,0.143,0.143,0.286,3,680728
363,Vaughn Grissom,LAA,1B/2B,1B/2B,-34.7,-56.5,2,8,7,0,1,0,0,0,0,1,0,0.143,0.250,0.143,0.393,7,687093
364,Xavier Edwards,MIA,2B/SS,2B/SS,-35.1,-41.8,5,21,18,1,2,0,2,0,0,3,6,0.111,0.238,0.111,0.349,100,669364
365,Andy Pages,LAD,OF,OF,-35.1,-38.8,6,28,26,1,5,0,1,0,0,2,6,0.192,0.250,0.269,0.519,100,681624
366,Rafael Marchan,PHI,C,C,-35.3,-63.5,2,4,4,0,0,0,0,0,0,0,1,0.000,0.000,0.000,0.000,0,665561
367,Jake Rogers,DET,C,C,-35.3,-63.5,2,4,4,0,0,0,0,0,0,0,2,0.000,0.000,0.000,0.000,0,668670
368,Miguel Vargas,CHW,1B/3B,1B/3B,-35.3,-44.5,6,23,23,1,3,0,0,1,0,0,5,0.130,0.130,0.174,0.304,100,678246
369,Jared Young,NYM,1B,1B,-35.5,-44.8,5,15,15,2,1,0,1,0,0,0,4,0.067,0.067,0.067,0.133,9,676724
370,Andruw Monasterio,BOS,SS,2B/SS/ 3B,-35.6,-46.0,5,12,11,0,2,0,0,0,0,1,5,0.182,0.250,0.182,0.432,0,655316
371,Rob Refsnyder,SEA,OF,OF,-36.2,-50.3,4,10,8,0,1,0,0,0,0,1,2,0.125,0.222,0.125,0.347,0,13770
372,Sandy Leon,ATL,C,C,-36.2,-55.3,3,8,8,0,1,0,0,0,0,0,4,0.125,0.125,0.125,0.250,0,506702
373,Jake Bauers,MIL,1B/OF,1B/OF,-36.2,-46.6,5,18,14,1,2,0,0,0,0,3,3,0.143,0.333,0.143,0.476,100,641343
374,Tyler O’Neill,BAL,OF,OF,-36.2,-63.0,2,8,8,0,1,0,0,0,0,0,3,0.125,0.125,0.250,0.375,1,641933
375,Connor Norby,MIA,1B/3B,1B/3B,-36.4,-46.2,5,16,15,0,3,0,0,0,0,1,8,0.200,0.250,0.267,0.517,3,681393
376,Edgar Quero,CHW,C,C,-36.4,-48.0,4,15,15,0,3,0,0,0,0,0,1,0.200,0.200,0.200,0.400,11,700337
377,Nico Hoerner,CHC,2B,2B/SS,-36.8,-44.6,5,25,24,2,4,0,0,0,0,1,5,0.167,0.200,0.208,0.408,100,663538
378,Nick Fortes,TB,C,C,-36.8,-70.0,2,7,5,0,0,0,0,0,0,1,0,0.000,0.167,0.000,0.167,21,663743
379,MJ Melendez,NYM,OF,OF,-36.8,-49.2,5,15,11,1,1,0,0,0,0,4,7,0.091,0.333,0.091,0.424,0,669004
380,Wenceel Perez,DET,OF,OF,-36.8,-70.0,2,6,5,0,0,0,0,0,0,1,1,0.000,0.167,0.000,0.167,1,672761
381,Ha-Seong Kim,ATL,SS,2B/SS,-36.8,-70.0,2,6,5,0,0,0,0,0,0,1,2,0.000,0.167,0.000,0.167,3,673490
382,Everson Pereira,CHW,OF,OF,-36.8,-59.7,3,6,5,0,0,0,0,0,0,1,2,0.000,0.167,0.000,0.167,1,677592
383,Petey Halpin,CLE,OF,OF,-36.8,-59.3,3,5,5,0,0,0,0,0,0,0,2,0.000,0.000,0.000,0.000,0,690984
384,Chandler Simpson,TB,OF,OF,-36.8,-43.8,5,20,20,0,3,0,2,0,0,0,1,0.150,0.150,0.150,0.300,98,802415
385,Yohendrick Pinango,TOR,OF,OF,-37.0,-50.5,4,15,12,0,2,0,0,0,0,3,2,0.167,0.333,0.333,0.667,14,682818
386,Joey Ortiz,MIL,SS,SS,-37.0,-51.0,4,12,12,0,2,0,0,0,0,0,2,0.167,0.167,0.167,0.333,0,687401
387,Carlos Cortes,ATH,OF,OF,-37.3,-43.0,6,22,21,1,1,0,4,0,0,0,6,0.048,0.091,0.048,0.139,84,666126
388,Ernie Clement,TOR,2B/SS/ 3B,1B/2B/ SS/3B,-37.4,-46.4,5,21,21,2,3,0,0,0,1,0,4,0.143,0.143,0.143,0.286,100,676391
389,Javier Sanoja,MIA,2B/3B/ OF,2B/SS/ 3B/OF,-37.4,-45.3,6,21,21,2,3,0,0,0,0,0,2,0.143,0.143,0.190,0.333,0,691594
390,Charles McAdoo,TOR,3B,3B,-37.6,-59.0,3,9,9,0,1,0,0,0,0,0,1,0.111,0.111,0.111,0.222,0,807727
391,Michael Conforto,CHC,OF,OF,-38.2,-56.8,4,7,6,0,0,0,0,0,0,1,3,0.000,0.143,0.000,0.143,0,16376
392,James Outman,DET,OF,OF,-38.2,-63.0,3,7,6,0,0,0,0,0,0,1,5,0.000,0.143,0.000,0.143,0,681546
393,Colby Thomas,ATH,OF,OF,-38.2,-57.3,4,6,6,0,0,0,0,0,0,0,4,0.000,0.000,0.000,0.000,0,687515
394,Drew Romo,CHW,C,C,-38.2,-76.0,2,6,6,0,0,0,0,0,0,0,4,0.000,0.000,0.000,0.000,0,691011
395,Kahlil Watson,CLE,SS,SS,-38.2,-75.5,2,6,6,0,0,0,0,0,0,0,4,0.000,0.000,0.000,0.000,0,696135
396,Luke Raley,SEA,1B/OF,1B/OF,-39.7,-81.5,2,7,7,0,0,0,0,0,0,0,2,0.000,0.000,0.000,0.000,98,670042
397,J.P. Crawford,SEA,SS,SS,-40.5,-59.5,4,13,11,0,1,0,0,0,0,2,3,0.091,0.231,0.091,0.322,13,15491
398,Jase Bowen,SD,OF,OF,-41.2,-87.0,2,8,8,0,0,0,0,0,0,0,4,0.000,0.000,0.000,0.000,0,687749
399,Tristan Gray,MIN,2B/SS/ 3B,2B/SS/ 3B,-41.4,-55.8,5,15,14,0,1,0,1,0,0,1,5,0.071,0.133,0.071,0.205,0,656484
400,Taylor Ward,BAL,OF,OF,-43.1,-53.2,6,27,26,1,4,0,0,0,0,1,5,0.154,0.185,0.192,0.377,98,621493
401,Jacob Gonzalez,CHW,1B/2B,1B/2B,-43.2,-61.8,5,14,12,1,0,0,0,0,0,1,5,0.000,0.143,0.000,0.143,16,694378
402,Steven Kwan,CLE,OF,OF,-43.3,-60.4,5,15,13,0,1,0,0,0,0,2,3,0.077,0.200,0.077,0.277,72,680757
403,Zach McKinstry,DET,2B/SS/ 3B/OF,2B/SS/ 3B/OF,-44.0,-79.3,3,10,10,0,0,0,0,0,0,0,4,0.000,0.000,0.000,0.000,5,656716
404,Jesus Sanchez,TOR,OF,OF,-44.1,-60.8,5,19,17,0,2,0,0,0,0,2,7,0.118,0.211,0.176,0.387,75,660821
405,Braden Montgomery,CHW,OF,OF,-44.5,-57.3,6,20,20,1,2,0,0,0,0,0,7,0.100,0.100,0.100,0.200,98,695731
406,Nick Madrigal,LAA,3B,3B,-45.4,-83.3,3,13,11,0,0,0,0,0,0,2,1,0.000,0.154,0.000,0.154,0,663611
407,Adley Rutschman,BAL,C,C,-47.5,-75.0,4,16,16,0,1,0,0,0,0,0,4,0.063,0.063,0.063,0.125,100,668939
408,Alejandro Kirk,TOR,C,C,-47.5,-75.0,4,17,16,0,1,0,0,0,0,1,6,0.063,0.118,0.063,0.180,100,672386
