date,rank,player_name,team,positions,fp_player_id,AB,R,HR,RBI,SB,AVG,OBP,H,2B,3B,BB,K,SLG,OPS,rost_pct_consensus,rost_pct_yahoo,rost_pct_espn
2026-06-23,1,Byron Buxton,MIN,"CF,DH",4672,54,12,7,13,2,.352,.397,19,3,0,4,14,.796,1.193,96%,98%,94%
2026-06-23,2,Nick Kurtz,ATH,1B,7354364,51,14,7,16,0,.353,.476,18,3,0,12,20,.824,1.300,99%,99%,98%
2026-06-23,3,Pete Crow-Armstrong,CHC,CF,23369,46,10,5,8,4,.435,.481,20,4,2,5,12,.935,1.416,98%,99%,97%
2026-06-23,4,Zack Gelof,ATH,"2B,3B,CF",44896,49,17,5,9,2,.367,.426,18,4,0,3,13,.755,1.181,55%,68%,43%
2026-06-23,5,Jac Caglianone,KC,"1B,RF,DH",7354363,52,14,6,12,1,.346,.414,18,2,0,5,16,.731,1.145,54%,71%,37%
2026-06-23,6,Bryan Reynolds,PIT,"LF,CF,RF,DH",6818,47,10,5,12,0,.404,.451,19,5,0,3,11,.830,1.281,90%,93%,86%
2026-06-23,7,Jackson Chourio,MIL,"LF,CF,RF",44592,57,11,6,14,0,.298,.339,17,1,0,3,12,.632,.970,97%,99%,95%
2026-06-23,8,Ivan Herrera,STL,"C,DH",43691,42,15,3,7,3,.333,.541,14,1,0,11,5,.571,1.112,85%,92%,77%
2026-06-23,9,James Wood,WSH,"LF,RF,DH",44720,51,13,3,9,3,.314,.373,16,4,0,6,15,.569,.942,99%,99%,99%
2026-06-23,10,Kyle Schwarber,PHI,"LF,DH",5686,51,11,6,12,0,.314,.397,16,0,0,7,20,.667,1.063,99%,99%,100%
2026-06-23,11,Dillon Dingler,DET,"C,DH",43821,51,11,4,11,0,.392,.396,20,2,2,0,15,.745,1.141,84%,86%,82%
2026-06-23,12,Tyler Soderstrom,ATH,"1B,LF",43845,45,13,5,11,0,.333,.464,15,3,0,10,8,.733,1.198,90%,95%,85%
2026-06-23,13,Otto Lopez,MIA,"2B,SS",10618,51,12,0,6,6,.333,.386,17,5,0,5,4,.431,.817,90%,92%,88%
2026-06-23,14,TJ Rumfield,COL,"1B,DH",45014,49,10,5,13,0,.327,.411,16,4,1,5,7,.755,1.166,35%,27%,44%
2026-06-23,15,Nasim Nunez,WSH,"2B,SS",19789,39,7,0,6,6,.436,.488,17,2,2,4,10,.590,1.078,14%,19%,8%
2026-06-23,16,Pete Alonso,BAL,"1B,DH",6960,50,11,5,13,0,.280,.387,14,1,0,8,17,.600,.987,97%,99%,96%
2026-06-23,17,JJ Wetherholt,STL,"2B,3B,SS",7354366,52,9,3,9,1,.385,.439,20,1,0,4,5,.577,1.016,87%,92%,82%
2026-06-23,18,Jazz Chisholm Jr.,NYY,"2B,3B",8449,43,9,3,6,7,.186,.340,8,0,1,10,13,.442,.782,93%,99%,88%
2026-06-23,19,Samad Taylor,SD,"2B,LF,RF",44697,46,9,1,8,4,.348,.388,16,1,0,3,15,.435,.823,13%,19%,7%
2026-06-23,20,Josh Bell,MIN,"1B,DH",4664,46,9,3,12,0,.370,.431,17,3,0,5,6,.630,1.062,13%,14%,12%
2026-06-23,21,Alec Burleson,STL,"1B,LF,RF,DH",43889,54,9,5,13,0,.278,.333,15,3,1,4,8,.648,.982,94%,93%,94%
2026-06-23,22,Paul Goldschmidt,NYY,"1B,DH",4403,53,5,5,13,0,.340,.357,18,0,0,2,11,.623,.980,30%,38%,21%
2026-06-23,23,Wyatt Langford,TEX,"LF,CF",47238,54,8,4,11,1,.315,.373,17,3,0,5,12,.593,.966,77%,91%,63%
2026-06-23,24,Bobby Witt Jr.,KC,SS,6810,38,7,1,5,5,.395,.465,15,2,0,5,2,.526,.991,99%,99%,100%
2026-06-23,25,Caleb Durbin,BOS,"2B,3B",45944,40,8,4,7,2,.350,.386,14,3,0,3,6,.725,1.111,18%,10%,27%
2026-06-23,26,Carter Jensen,KC,"C,DH",44759,45,10,2,9,1,.378,.429,17,7,0,4,6,.667,1.095,40%,48%,32%
2026-06-23,27,Juan Soto,NYM,"LF,RF,DH",6906,41,8,4,8,0,.415,.529,17,3,0,10,4,.781,1.310,99%,99%,100%
2026-06-23,28,Travis Bazzana,CLE,2B,7354362,42,10,3,7,3,.286,.423,12,2,0,10,10,.548,.971,36%,44%,28%
2026-06-23,29,George Springer,TOR,"LF,CF,RF,DH",4614,41,8,3,7,3,.317,.431,13,1,0,8,9,.561,.992,75%,81%,70%
2026-06-23,30,Shohei Ohtani,LAD,"SP,DH",7354,35,10,6,9,0,.257,.422,9,1,0,10,10,.800,1.222,100%,,100%
2026-06-23,31,Royce Lewis,MIN,"1B,3B",6967,51,8,4,8,2,.294,.351,15,3,0,5,12,.588,.939,29%,46%,12%
2026-06-23,32,Sam Antonacci,CWS,"2B,3B,LF",7354566,38,8,3,7,3,.316,.409,12,2,0,5,9,.605,1.014,25%,32%,18%
2026-06-23,33,CJ Abrams,WSH,SS,19879,49,10,3,8,2,.286,.286,14,2,0,0,10,.510,.796,98%,98%,97%
2026-06-23,34,Fernando Tatis Jr.,SD,"2B,RF",6853,54,9,1,7,3,.333,.373,18,5,0,4,7,.482,.854,99%,99%,99%
2026-06-23,35,Yordan Alvarez,HOU,"LF,DH",6461,48,10,3,8,0,.354,.436,17,2,0,7,9,.583,1.020,99%,99%,100%
2026-06-23,36,Jackson Merrill,SD,CF,44756,57,6,2,7,5,.263,.288,15,3,1,2,12,.456,.744,86%,93%,79%
2026-06-23,37,Kyle Stowers,MIA,"1B,LF,CF,RF,DH",22314,42,7,4,14,0,.262,.404,11,3,0,7,17,.619,1.023,48%,69%,28%
2026-06-23,38,Corbin Carroll,ARI,"CF,RF",23993,50,6,3,11,2,.280,.357,14,2,1,4,9,.540,.897,99%,99%,100%
2026-06-23,39,Jeremy Pena,HOU,SS,43642,46,7,3,6,4,.261,.320,12,2,0,4,11,.500,.820,75%,88%,61%
2026-06-23,40,Bo Bichette,NYM,"3B,SS",6808,50,9,3,10,0,.320,.327,16,3,0,1,9,.560,.887,89%,95%,82%
2026-06-23,41,Henry Bolte,ATH,"CF,RF",46304,43,6,2,5,4,.326,.412,14,1,0,5,15,.488,.900,7%,10%,4%
2026-06-23,42,Cody Bellinger,NYY,"LF,CF,RF",6045,51,8,2,8,3,.275,.351,14,2,0,6,7,.431,.782,99%,99%,99%
2026-06-23,43,Bryce Eldridge,SF,"1B,DH",47216,42,6,4,10,0,.333,.440,14,2,0,8,8,.667,1.107,36%,48%,23%
2026-06-23,44,Donovan Walton,LAA,"2B,3B",10091,30,4,3,10,0,.467,.484,14,3,0,1,3,.867,1.351,1%,1%,1%
2026-06-23,45,Colt Keith,DET,"1B,2B,3B,DH",43891,31,6,4,10,2,.226,.294,7,0,0,1,4,.613,.907,8%,10%,6%
2026-06-23,46,Luis Garcia,WSH,"1B,2B,DH",7507,44,8,4,10,0,.273,.273,12,2,0,0,10,.591,.864,39%,50%,29%
2026-06-23,47,Zach Neto,LAA,SS,46294,59,10,5,8,1,.203,.277,12,1,1,5,28,.509,.785,82%,98%,66%
2026-06-23,48,Bryce Harper,PHI,"1B,DH",4293,44,11,3,7,0,.296,.400,13,3,1,9,10,.614,1.014,98%,99%,98%
2026-06-23,49,Willi Castro,COL,"1B,2B,3B,SS,LF,RF",5997,50,6,2,10,1,.320,.393,16,3,0,6,10,.500,.893,38%,53%,23%
2026-06-23,50,Denzer Guzman,LAA,"3B,SS",45207,51,7,3,11,1,.255,.321,13,2,0,5,10,.471,.792,1%,2%,1%
2026-06-23,51,Dominic Canzone,SEA,"LF,RF,DH",45429,38,7,4,8,0,.316,.409,12,1,1,5,5,.711,1.120,21%,27%,16%
2026-06-23,52,Lawrence Butler,ATH,"CF,RF",45753,34,9,2,6,1,.353,.389,12,3,0,2,10,.618,1.007,23%,36%,10%
2026-06-23,53,Bryson Stott,PHI,"2B,SS",22308,47,8,0,8,3,.298,.365,14,5,1,5,8,.447,.812,41%,44%,38%
2026-06-23,54,William Contreras,MIL,"C,DH",7659,46,9,2,7,0,.348,.423,16,2,0,6,6,.522,.945,98%,98%,99%
2026-06-23,55,Jose Caballero,NYY,"2B,3B,SS,LF,RF",26984,38,6,2,10,2,.263,.348,10,1,0,5,12,.447,.795,53%,71%,35%
2026-06-23,56,Jung Hoo Lee,SF,"CF,RF",48275,43,9,1,4,2,.349,.370,15,4,0,2,2,.512,.881,56%,48%,64%
2026-06-23,57,Dylan Crews,WSH,"CF,RF",8269,49,7,3,11,1,.225,.240,11,3,0,1,11,.469,.709,17%,29%,5%
2026-06-23,58,Mike Trout,LAA,"CF,RF,DH",3785,35,7,3,5,2,.286,.405,10,2,0,6,12,.600,1.005,96%,96%,97%
2026-06-23,59,Sal Stewart,CIN,"1B,2B,3B,DH",46342,49,5,2,15,1,.225,.316,11,3,0,7,12,.408,.724,93%,93%,94%
2026-06-23,60,Cole Carrigg,COL,CF,47210,44,8,3,8,1,.250,.377,11,1,1,8,10,.523,.900,12%,16%,8%
2026-06-23,61,Seiya Suzuki,CHC,"LF,RF,DH",6973,37,6,1,10,0,.378,.465,14,5,0,6,12,.595,1.060,84%,90%,78%
2026-06-23,62,Blaze Alexander,BAL,"2B,3B,SS,LF,CF",8280,34,5,1,6,1,.441,.487,15,4,0,1,4,.647,1.134,10%,13%,6%
2026-06-23,63,Hunter Goodman,COL,"C,DH",45393,49,8,4,8,0,.245,.302,12,1,0,4,15,.510,.812,90%,98%,83%
2026-06-23,64,Masyn Winn,STL,SS,43906,49,10,1,7,1,.286,.333,14,3,0,4,6,.408,.742,20%,34%,7%
2026-06-23,65,Ben Rice,NYY,"C,1B,DH",47445,53,8,4,8,0,.245,.344,13,0,0,8,13,.472,.816,99%,99%,100%
2026-06-23,66,Ceddanne Rafaela,BOS,"2B,CF",45510,50,6,2,8,2,.260,.260,13,5,0,0,9,.480,.740,63%,82%,44%
2026-06-23,67,Gunnar Henderson,BAL,"SS,DH",23372,52,9,3,7,0,.269,.406,14,1,1,11,10,.500,.906,98%,99%,97%
2026-06-23,68,Manny Machado,SD,"3B,DH",3778,51,7,3,10,0,.255,.316,13,7,0,5,10,.569,.884,93%,96%,90%
2026-06-23,69,Ketel Marte,ARI,"2B,DH",5179,53,4,1,9,1,.340,.397,18,5,0,4,5,.491,.887,99%,99%,100%
2026-06-23,70,Noelvi Marte,CIN,"3B,RF",8284,38,5,3,4,3,.263,.282,10,4,0,1,9,.605,.887,24%,39%,9%
2026-06-23,71,Jake Burger,TEX,1B,10074,43,5,3,8,0,.326,.423,14,2,0,7,13,.581,1.005,18%,25%,10%
2026-06-23,72,Kazuma Okamoto,TOR,"1B,3B",7356401,40,7,4,9,0,.225,.319,9,4,0,5,16,.625,.944,64%,84%,45%
2026-06-23,73,Trevor Larnach,MIN,"LF,RF,DH",7176,38,6,2,7,0,.368,.415,14,2,0,2,5,.579,.994,5%,5%,4%
2026-06-23,74,Ozzie Albies,ATL,2B,5980,45,10,2,5,0,.311,.319,14,1,0,1,3,.467,.786,96%,96%,96%
2026-06-23,75,Logan O'Hoppe,LAA,C,43987,37,4,2,7,0,.405,.421,15,4,0,1,9,.676,1.097,4%,6%,3%
2026-06-23,76,Owen Caissie,MIA,"CF,RF,DH",43911,33,4,3,10,1,.242,.270,8,2,0,2,9,.576,.846,3%,4%,3%
2026-06-23,77,Esteury Ruiz,MIA,"LF,CF,RF",10086,22,5,1,3,3,.409,.500,9,4,0,1,6,.727,1.227,2%,3%,1%
2026-06-23,78,Geraldo Perdomo,ARI,SS,43732,42,8,1,5,3,.238,.439,10,1,0,14,9,.333,.772,87%,92%,82%
2026-06-23,79,Liam Hicks,MIA,"C,1B,DH",48340,42,8,1,6,0,.357,.426,15,2,1,4,6,.524,.949,89%,86%,92%
2026-06-23,80,Brooks Lee,MIN,"2B,3B,SS",46266,49,9,3,7,0,.245,.315,12,2,1,5,2,.510,.825,36%,39%,32%
2026-06-23,81,Max Muncy,LAD,3B,5207,36,6,2,9,0,.306,.468,11,3,0,9,7,.556,1.024,75%,86%,63%
2026-06-23,82,Andres Gimenez,TOR,"2B,SS",7049,34,7,1,3,3,.294,.342,10,3,0,0,11,.471,.813,12%,14%,10%
2026-06-23,83,Spencer Horwitz,PIT,1B,45347,44,10,2,6,0,.273,.396,12,3,0,6,9,.477,.874,20%,24%,15%
2026-06-23,84,Taylor Walls,TB,SS,43756,29,4,0,4,5,.276,.361,8,2,0,5,8,.345,.706,1%,1%,0%
2026-06-23,85,Freddie Freeman,LAD,1B,3365,47,10,3,6,0,.234,.368,11,2,0,8,9,.468,.837,98%,99%,96%
2026-06-23,86,Luke Keaschall,MIN,2B,47176,41,10,1,3,1,.317,.429,13,2,0,7,7,.439,.868,54%,60%,47%
2026-06-23,87,Lane Thomas,KC,"LF,CF,RF",8293,44,7,3,8,0,.250,.340,11,3,0,5,9,.523,.863,2%,2%,1%
2026-06-23,88,Yandy Diaz,TB,"1B,DH",6677,48,6,1,8,0,.333,.441,16,2,0,9,9,.438,.878,94%,96%,91%
2026-06-23,89,Dansby Swanson,CHC,SS,5965,35,8,1,3,4,.200,.333,7,2,0,7,10,.343,.676,44%,59%,29%
2026-06-23,90,Mookie Betts,LAD,SS,4921,53,10,2,2,1,.283,.333,15,3,0,4,9,.453,.786,96%,97%,94%
2026-06-23,91,Ryan Kreidler,MIN,"3B,SS,CF",44371,23,6,1,7,0,.435,.500,10,1,1,3,2,.696,1.196,0%,0%,0%
2026-06-23,92,Casey Schmitt,SF,"1B,2B,3B,LF,DH",43913,46,3,1,4,2,.370,.383,17,3,0,0,8,.500,.883,83%,84%,81%
2026-06-23,93,Kyle Tucker,LAD,"RF,DH",6006,44,5,1,10,2,.227,.340,10,1,0,7,14,.318,.658,99%,99%,99%
2026-06-23,94,Victor Caratini,MIN,"C,1B,DH",5080,30,7,2,6,0,.333,.429,10,2,0,5,5,.600,1.029,4%,5%,3%
2026-06-23,95,Wilyer Abreu,BOS,"LF,CF,RF",45630,45,6,2,7,1,.267,.333,12,4,0,5,10,.489,.822,69%,80%,59%
2026-06-23,96,Kyle Karros,COL,3B,47850,36,9,1,4,0,.361,.395,13,2,1,2,5,.556,.950,1%,2%,1%
2026-06-23,97,Jonah Heim,ATH,"C,DH",6457,29,4,3,5,0,.379,.424,11,2,0,3,5,.759,1.183,1%,2%,1%
2026-06-23,98,Ian Happ,CHC,LF,6008,43,10,2,3,2,.209,.286,9,1,0,5,13,.372,.658,88%,91%,86%
2026-06-23,99,Joe Mack,MIA,C,44681,29,9,2,3,0,.345,.441,10,1,0,4,5,.586,1.027,2%,3%,2%
2026-06-23,100,Luis Arraez,SF,"1B,2B,DH",8162,49,7,1,5,1,.306,.346,15,3,2,3,1,.510,.856,83%,81%,86%
2026-06-23,101,Carson Kelly,CHC,C,6253,20,6,2,8,0,.300,.417,6,1,0,4,4,.650,1.067,11%,10%,12%
2026-06-23,102,Brandon Marsh,PHI,"LF,CF,RF",7393,51,8,2,6,2,.196,.241,10,2,0,2,20,.353,.594,54%,65%,42%
2026-06-23,103,Shea Langeliers,ATH,"C,DH",8246,50,8,3,7,0,.220,.264,11,3,0,3,11,.460,.724,99%,99%,99%
2026-06-23,104,Michael Massey,KC,"2B,LF",45756,39,7,1,7,1,.256,.293,10,3,0,2,4,.410,.703,2%,3%,1%
2026-06-23,105,Isiah Kiner-Falefa,BOS,"2B,3B,SS",7662,29,6,1,1,3,.310,.394,9,1,0,4,3,.448,.842,1%,2%,1%
2026-06-23,106,Willson Contreras,BOS,1B,5919,48,8,3,6,0,.229,.327,11,3,0,3,18,.479,.806,66%,93%,38%
2026-06-23,107,Alec Bohm,PHI,"1B,3B",7921,48,4,2,11,0,.250,.275,12,1,0,2,7,.396,.670,31%,44%,18%
2026-06-23,108,Anthony Volpe,NYY,SS,43704,36,6,0,5,1,.361,.452,13,2,1,6,9,.472,.925,6%,6%,5%
2026-06-23,109,Andrew Benintendi,CWS,"LF,DH",5972,30,5,3,8,0,.233,.281,7,1,0,2,4,.567,.848,3%,3%,4%
2026-06-23,110,Taylor Ward,BAL,LF,6071,56,11,2,2,0,.268,.379,15,1,0,8,12,.393,.772,82%,86%,78%
2026-06-23,111,Kody Clemens,MIN,"1B,2B,LF,CF,RF",10049,52,6,3,9,0,.212,.255,11,2,0,3,9,.423,.678,25%,32%,18%
2026-06-23,112,Matt Olson,ATL,1B,5718,41,6,3,4,0,.293,.370,12,0,0,5,8,.512,.882,99%,99%,99%
2026-06-23,113,Gabriel Moreno,ARI,C,44003,37,3,2,4,1,.351,.467,13,3,0,7,5,.595,1.061,44%,49%,40%
2026-06-23,114,Jake Mangum,PIT,"LF,CF,RF",45619,43,4,0,4,2,.349,.364,15,4,0,1,5,.442,.806,4%,6%,3%
2026-06-23,115,Brandon Lowe,PIT,2B,7236,49,7,3,8,0,.204,.273,10,3,0,5,15,.449,.722,88%,91%,86%
2026-06-23,116,Matt Chapman,SF,3B,6315,39,5,3,8,0,.231,.354,9,1,0,6,11,.487,.841,75%,84%,66%
2026-06-23,117,Gavin Sheets,SD,"1B,LF,RF,DH",43643,45,5,2,8,1,.222,.286,10,3,0,4,14,.422,.708,14%,13%,15%
2026-06-23,118,Nathan Church,STL,"LF,CF,RF",47315,36,8,0,2,1,.361,.439,13,3,1,5,9,.500,.939,2%,2%,1%
2026-06-23,119,JJ Bleday,CIN,"LF,CF,RF,DH",24863,46,9,3,7,0,.174,.316,8,3,0,9,12,.435,.751,55%,56%,54%
2026-06-23,120,Brandon Nimmo,TEX,"LF,CF,RF,DH",4685,53,4,0,4,1,.359,.370,19,8,0,1,9,.509,.880,75%,78%,71%
2026-06-23,121,Alex Bregman,CHC,"3B,DH",5973,37,7,1,6,0,.297,.440,11,1,0,9,4,.405,.845,90%,92%,89%
2026-06-23,122,J.T. Realmuto,PHI,C,5371,38,5,2,9,1,.184,.225,7,2,0,2,11,.395,.620,16%,17%,14%
2026-06-23,123,Jose Siri,LAA,"LF,CF",5727,36,5,2,7,1,.222,.293,8,0,0,3,9,.389,.682,0%,0%,0%
2026-06-23,124,Tyler Callihan,PIT,"2B,LF,RF",19848,30,6,2,5,0,.300,.400,9,0,1,4,10,.567,.967,1%,2%,1%
2026-06-23,125,Michael Busch,CHC,1B,23859,39,4,2,6,1,.256,.420,10,1,0,9,7,.436,.856,64%,85%,42%
2026-06-23,126,Colson Montgomery,CWS,"3B,SS",44692,35,5,4,7,0,.171,.237,6,1,0,3,14,.543,.780,68%,91%,45%
2026-06-23,127,Leody Taveras,BAL,"CF,RF",39153,49,6,0,5,2,.265,.275,13,2,3,1,16,.429,.703,2%,2%,1%
2026-06-23,128,Matt Shaw,CHC,"2B,3B,RF,DH",47221,24,6,1,7,0,.292,.370,7,0,2,2,6,.583,.954,6%,8%,3%
2026-06-23,129,Jake McCarthy,COL,"LF,CF,RF",8273,34,5,1,5,0,.353,.389,12,2,1,2,5,.559,.948,9%,12%,7%
2026-06-23,130,Spencer Torkelson,DET,1B,43877,41,6,3,6,0,.220,.319,9,2,0,6,16,.488,.807,31%,42%,20%
2026-06-23,131,Riley Greene,DET,"LF,CF,RF,DH",19457,42,7,3,5,0,.214,.327,9,0,0,8,14,.429,.756,91%,97%,84%
2026-06-23,132,Jo Adell,LAA,"LF,CF,RF",6899,60,11,0,4,0,.267,.323,16,6,0,3,15,.367,.690,61%,83%,38%
2026-06-23,133,Brice Turang,MIL,2B,6817,53,6,2,8,1,.189,.232,10,3,0,3,20,.359,.591,99%,99%,98%
2026-06-23,134,Christian Yelich,MIL,"LF,DH",4596,48,10,1,4,1,.208,.291,10,2,0,6,14,.313,.603,84%,93%,75%
2026-06-23,135,Blaze Jordan,STL,"1B,3B",7389,37,5,1,8,0,.270,.282,10,2,1,1,4,.460,.742,13%,16%,11%
2026-06-23,136,Mark Vientos,NYM,"1B,3B,DH",6940,19,4,2,6,0,.316,.333,6,0,0,1,5,.632,.965,4%,5%,3%
2026-06-23,137,Carson Benge,NYM,"LF,CF,RF",7354378,49,8,2,3,1,.225,.283,11,0,1,3,13,.388,.671,32%,44%,20%
2026-06-23,138,Isaac Collins,KC,"LF,RF",44316,43,6,0,7,1,.256,.319,11,4,0,3,6,.349,.668,1%,1%,1%
2026-06-23,139,Randy Arozarena,SEA,"LF,CF",6962,19,4,1,4,1,.368,.400,7,0,0,1,3,.526,.926,94%,98%,90%
2026-06-23,140,Jared Triolo,PIT,"1B,2B,3B,SS",44918,37,4,0,3,3,.270,.357,10,3,0,4,11,.351,.709,1%,1%,0%
2026-06-23,141,Andrew Vaughn,MIL,1B,22216,27,2,1,7,0,.370,.514,10,4,0,8,4,.630,1.144,17%,28%,6%
2026-06-23,142,Josh Naylor,SEA,"1B,DH",6054,43,4,2,7,1,.209,.261,9,2,0,3,5,.395,.656,81%,92%,69%
2026-06-23,143,Kevin McGonigle,DET,"3B,SS",47220,44,7,2,4,0,.250,.389,11,3,0,10,6,.455,.843,92%,92%,93%
2026-06-23,144,Nolan Schanuel,LAA,1B,47177,31,6,1,4,0,.323,.462,10,1,0,5,3,.452,.913,7%,10%,4%
2026-06-23,145,Brett Sullivan,COL,C,7838,18,4,3,4,0,.278,.300,5,0,0,1,2,.778,1.078,0%,0%,0%
2026-06-23,146,Jonathan Aranda,TB,1B,45018,46,3,1,7,0,.304,.385,14,1,0,4,8,.391,.776,63%,84%,41%
2026-06-23,147,Ryan Vilade,TB,"1B,LF,RF",7483,28,3,2,4,1,.286,.323,8,2,0,2,7,.571,.894,1%,1%,0%
2026-06-23,148,Garrett Mitchell,MIL,"CF,RF",6859,45,8,2,3,0,.244,.277,11,2,0,2,15,.422,.699,5%,6%,3%
2026-06-23,149,Lars Nootbaar,STL,"LF,CF,RF",44339,42,8,1,4,0,.262,.347,11,2,0,6,11,.381,.728,6%,5%,6%
2026-06-23,150,Jose Altuve,HOU,"2B,LF,DH",4334,46,4,3,8,0,.196,.245,9,1,0,3,16,.413,.658,82%,85%,79%
2026-06-23,151,Braden Montgomery,CWS,"CF,RF",44743,42,7,1,5,0,.262,.311,11,5,0,3,11,.452,.764,16%,21%,12%
2026-06-23,152,Colton Cowser,BAL,"LF,CF,RF",44669,41,6,2,5,1,.195,.313,8,0,0,6,13,.342,.654,7%,10%,4%
2026-06-23,153,Luisangel Acuna,CWS,"2B,SS,CF",43726,20,1,1,4,2,.350,.350,7,0,0,0,3,.500,.850,1%,1%,1%
2026-06-23,154,Kerry Carpenter,DET,"LF,RF,DH",45596,33,5,2,7,0,.212,.297,7,1,0,2,9,.424,.722,25%,40%,10%
2026-06-23,155,Cedric Mullins II,TB,CF,7400,35,3,1,3,2,.286,.375,10,0,0,4,12,.371,.746,3%,4%,2%
2026-06-23,156,Jordan Walker,STL,"LF,RF",43830,55,2,2,11,0,.218,.241,12,2,0,2,12,.364,.605,95%,95%,95%
2026-06-23,157,Eugenio Suarez,CIN,"3B,DH",5332,47,3,3,9,0,.192,.192,9,2,0,0,20,.426,.617,62%,78%,46%
2026-06-23,158,Max Muncy,ATH,"2B,3B,SS",44711,29,4,2,9,0,.172,.219,5,1,0,2,7,.414,.633,5%,7%,3%
2026-06-23,159,Heriberto Hernandez,MIA,"LF,RF,DH",43723,36,5,2,5,0,.250,.290,9,2,0,2,11,.472,.762,1%,2%,1%
2026-06-23,160,Cooper Pratt,MIL,SS,47211,20,2,0,2,3,.350,.391,7,0,0,2,4,.350,.741,5%,7%,4%
2026-06-23,161,Curtis Mead,WSH,"1B,2B,3B",39303,40,5,3,8,0,.150,.244,6,0,0,3,7,.375,.619,13%,19%,8%
2026-06-23,162,Cole Young,SEA,2B,46287,52,6,2,4,0,.250,.278,13,1,0,1,5,.385,.662,10%,11%,9%
2026-06-23,163,Jordan Lawlar,ARI,"3B,LF,CF",44664,20,3,0,2,3,.300,.417,6,1,0,2,4,.350,.767,6%,8%,3%
2026-06-23,164,Rafael Devers,SF,"1B,DH",5175,40,5,3,4,0,.225,.354,9,3,0,8,10,.525,.879,79%,94%,65%
2026-06-23,165,Troy Johnston,COL,"1B,LF,RF,DH",45280,30,5,1,6,0,.267,.395,8,3,0,5,3,.467,.861,12%,14%,11%
2026-06-23,166,Blake Dunn,CIN,"LF,CF,RF",47530,42,7,0,0,3,.238,.333,10,2,0,5,9,.286,.619,1%,1%,1%
2026-06-23,167,Jeremiah Jackson,BAL,"2B,3B,RF",43690,17,4,1,4,1,.294,.294,5,1,0,0,1,.529,.824,7%,6%,8%
2026-06-23,168,Ryan O'Hearn,PIT,"1B,LF,RF,DH",6681,51,3,2,8,0,.235,.235,12,2,0,0,17,.392,.628,63%,60%,65%
2026-06-23,169,Michael Harris II,ATL,CF,43924,34,6,1,1,1,.294,.314,10,2,0,1,11,.441,.756,91%,95%,86%
2026-06-23,170,Colt Emerson,SEA,"3B,SS",47193,30,4,2,6,1,.167,.219,5,0,0,2,11,.367,.585,18%,23%,14%
2026-06-23,171,Jasson Dominguez,NYY,"LF,CF,RF,DH",8513,32,3,1,1,3,.250,.273,8,3,0,1,7,.438,.710,11%,15%,6%
2026-06-23,172,Nick Loftin,KC,"2B,3B,LF",43837,33,3,1,5,1,.273,.351,9,4,1,4,7,.546,.897,0%,0%,0%
2026-06-23,173,Daulton Varsho,TOR,"LF,CF",7551,8,3,1,3,2,.250,.333,2,0,0,1,3,.625,.958,17%,23%,10%
2026-06-23,174,Nicky Lopez,TEX,"2B,3B,SS",7530,34,3,0,1,2,.353,.389,12,1,0,1,2,.382,.771,0%,0%,0%
2026-06-23,175,Jake Bauers,MIL,"1B,LF,RF",5090,37,6,2,6,0,.189,.348,7,0,0,8,17,.351,.699,68%,71%,65%
2026-06-23,176,Alika Williams,ATH,"2B,3B,SS",43800,24,3,1,3,0,.417,.440,10,5,0,1,4,.750,1.190,0%,0%,0%
2026-06-23,177,Isaac Paredes,HOU,"1B,3B,DH",10050,40,5,1,5,0,.275,.431,11,3,0,7,9,.425,.856,41%,48%,34%
2026-06-23,178,Vladimir Guerrero Jr.,TOR,"1B,DH",6050,39,4,1,7,0,.256,.286,10,1,0,2,5,.359,.645,99%,99%,100%
2026-06-23,179,Jacob Wilson,ATH,SS,47235,35,5,1,7,0,.229,.308,8,2,0,4,4,.371,.679,58%,64%,53%
2026-06-23,180,Tommy Troy,ARI,"2B,LF",47213,35,7,2,4,0,.200,.263,7,0,1,3,10,.429,.692,1%,1%,1%
2026-06-23,181,Angel Martinez,CLE,"2B,LF,CF,RF",44791,19,3,2,4,0,.316,.350,6,1,0,1,5,.684,1.034,18%,18%,18%
2026-06-23,182,Daylen Lile,WSH,"LF,RF,DH",44757,46,3,0,7,2,.217,.308,10,1,2,3,5,.326,.634,71%,75%,66%
2026-06-23,183,Keibert Ruiz,WSH,C,6912,33,5,1,2,0,.333,.353,11,1,0,0,2,.455,.808,13%,14%,13%
2026-06-23,184,A.J. Ewing,NYM,"2B,CF",48019,39,3,1,6,0,.282,.349,11,5,0,4,9,.487,.836,11%,16%,7%
2026-06-23,185,Patrick Bailey,CLE,C,8299,20,5,0,2,0,.450,.500,9,1,0,2,7,.500,1.000,1%,1%,1%
2026-06-23,186,Justin Crawford,PHI,CF,46277,31,4,0,3,1,.323,.344,10,1,0,1,10,.355,.699,5%,6%,4%
2026-06-23,187,Braxton Fulford,COL,"C,DH",45770,13,3,0,3,2,.308,.444,4,2,0,4,6,.462,.906,0%,0%,0%
2026-06-23,188,Jonny DeLuca,TB,"LF,CF,RF",45829,11,2,2,3,1,.273,.273,3,1,0,0,4,.909,1.182,1%,1%,0%
2026-06-23,189,Nick Gonzales,PIT,"2B,3B,SS",43874,47,6,1,4,1,.213,.260,10,0,1,1,10,.319,.579,16%,23%,10%
2026-06-23,190,Trent Grisham,NYY,CF,7502,17,5,0,2,1,.353,.421,6,0,1,2,2,.471,.892,36%,45%,26%
2026-06-23,191,Tristan Peters,CWS,"LF,CF,RF",47098,31,6,1,6,0,.194,.278,6,2,1,3,7,.419,.697,2%,2%,1%
2026-06-23,192,Trea Turner,PHI,SS,5828,46,9,0,1,2,.196,.260,9,2,0,2,13,.239,.499,90%,97%,82%
2026-06-23,193,Brice Matthews,HOU,"2B,LF,CF",47819,26,3,2,4,0,.269,.296,7,1,0,1,7,.539,.835,1%,1%,0%
2026-06-23,194,Gleyber Torres,DET,2B,5133,20,3,1,4,0,.350,.458,7,2,0,3,4,.600,1.058,49%,47%,50%
2026-06-23,195,Elias Diaz,TEX,C,5591,21,3,0,5,0,.381,.364,8,2,0,0,2,.476,.840,0%,0%,0%
2026-06-23,196,Julio Rodriguez,SEA,CF,43685,44,6,1,5,1,.182,.280,8,1,0,5,8,.273,.553,99%,99%,99%
2026-06-23,197,Tyler Freeman,COL,"2B,RF,DH",10024,25,7,0,2,0,.320,.393,8,0,1,1,3,.400,.793,1%,1%,1%
2026-06-23,198,Davis Schneider,TOR,"2B,LF",45729,20,3,2,3,0,.300,.333,6,2,0,1,4,.700,1.033,1%,1%,0%
2026-06-23,199,Blake Perkins,MIL,"LF,CF,RF",10117,14,3,1,3,0,.429,.429,6,2,0,0,3,.786,1.214,0%,0%,0%
2026-06-23,200,Maikel Garcia,KC,"2B,3B,SS,OF",44626,35,3,0,7,1,.229,.270,8,2,1,2,8,.343,.613,83%,90%,75%
2026-06-23,201,Edmundo Sosa,PHI,"2B,3B,SS,LF",6587,26,4,1,2,0,.346,.393,9,1,1,0,5,.577,.970,1%,1%,0%
2026-06-23,202,Jackson Holliday,BAL,"2B,SS",46268,36,5,2,6,0,.167,.225,6,1,0,3,13,.361,.586,32%,33%,30%
2026-06-23,203,Marcelo Mayer,BOS,"2B,3B,SS",44663,34,2,1,8,0,.235,.316,8,3,0,4,9,.412,.728,3%,4%,2%
2026-06-23,204,Sterlin Thompson,COL,"1B,LF",46296,24,3,2,4,0,.250,.280,6,2,0,0,11,.583,.863,0%,0%,0%
2026-06-23,205,Jakob Marsee,MIA,"LF,CF",46634,48,4,1,3,2,.208,.269,10,3,0,4,16,.333,.603,48%,64%,32%
2026-06-23,206,Austin Slater,,,7070,22,2,0,1,3,.273,.360,6,2,0,3,6,.364,.724,0%,0%,0%
2026-06-23,207,Kyle Manzardo,CLE,"1B,DH",44758,35,3,2,5,0,.229,.333,8,0,0,5,12,.400,.733,5%,7%,3%
2026-06-23,208,Spencer Jones,NYY,"CF,RF",46338,27,5,2,4,0,.185,.333,5,1,0,6,13,.444,.778,6%,8%,5%
2026-06-23,209,Mauricio Dubon,ATL,"2B,3B,SS,LF,CF",6615,44,2,1,6,0,.273,.304,12,1,0,2,4,.364,.668,48%,38%,59%
2026-06-23,210,Miguel Rojas,LAD,"2B,3B,SS",5504,16,3,1,3,0,.375,.421,6,1,0,2,1,.625,1.046,1%,1%,1%
2026-06-23,211,Endy Rodriguez,PIT,"C,1B",44137,26,3,2,3,0,.269,.367,7,1,0,4,7,.539,.905,1%,2%,1%
2026-06-23,212,Sal Frelick,MIL,"LF,CF,RF",44675,27,3,0,6,0,.296,.345,8,2,0,2,2,.370,.715,18%,8%,28%
2026-06-23,213,Ezequiel Duran,TEX,"1B,2B,3B,SS,LF,RF",43722,46,6,2,5,0,.174,.255,8,1,0,4,15,.326,.581,34%,42%,25%
2026-06-23,214,Oswald Peraza,LAA,"1B,2B,3B,SS",43749,37,3,0,3,2,.243,.243,9,3,0,0,12,.324,.568,4%,6%,2%
2026-06-23,215,Matt McLain,CIN,"2B,SS",7953,39,4,0,0,4,.180,.319,7,3,0,7,18,.256,.576,27%,44%,10%
2026-06-23,216,Spencer Steer,CIN,"1B,2B,LF,RF",44364,44,6,3,7,0,.091,.167,4,1,0,4,18,.318,.485,35%,44%,25%
2026-06-23,217,Coby Mayo,BAL,"1B,3B,DH",44345,33,5,2,5,0,.152,.222,5,1,0,3,14,.364,.586,2%,2%,1%
2026-06-23,218,Christian Walker,HOU,1B,4905,48,4,2,6,0,.188,.278,9,3,0,6,13,.375,.653,85%,91%,79%
2026-06-23,219,Junior Caminero,TB,3B,45016,48,3,1,4,0,.271,.333,13,2,0,5,16,.375,.708,99%,99%,100%
2026-06-23,220,Gary Sanchez,MIL,"C,1B,DH",4670,15,3,1,3,0,.333,.421,5,0,0,3,2,.533,.954,2%,2%,3%
2026-06-23,221,Chase Meidroth,CWS,"2B,3B,SS",46617,44,4,1,4,0,.250,.298,11,1,0,1,16,.341,.639,25%,39%,12%
2026-06-23,222,Zach McKinstry,DET,"2B,3B,SS,LF,RF",10153,30,5,1,2,0,.267,.371,8,1,2,5,6,.533,.905,2%,2%,2%
2026-06-23,223,Daniel Schneemann,CLE,"2B,3B,SS,CF,RF",45690,30,4,2,6,0,.133,.188,4,0,0,2,12,.333,.521,4%,5%,3%
2026-06-23,224,Tyler Stephenson,CIN,C,6024,30,3,1,4,0,.267,.313,8,0,0,2,10,.367,.679,4%,5%,2%
2026-06-23,225,Jeff McNeil,ATH,"2B,LF,CF,RF",8027,22,4,1,4,0,.227,.320,5,1,0,3,4,.409,.729,5%,5%,6%
2026-06-23,226,Vinnie Pasquantino,KC,"1B,DH",44894,18,3,0,3,1,.278,.350,5,1,0,2,3,.333,.683,58%,66%,49%
2026-06-23,227,Ryan McMahon,NYY,3B,5009,27,3,2,3,0,.222,.300,6,0,0,3,8,.444,.744,2%,2%,1%
2026-06-23,228,Ty France,SD,1B,8163,36,3,2,6,0,.167,.231,6,1,0,2,13,.361,.592,1%,1%,0%
2026-06-23,229,Kameron Misner,KC,"CF,RF",24874,20,1,0,3,1,.350,.381,7,0,0,1,7,.350,.731,0%,0%,0%
2026-06-23,230,Rodolfo Duran,SD,C,44204,30,4,2,4,0,.167,.167,5,3,0,0,8,.467,.633,0%,0%,0%
2026-06-23,231,Randal Grichuk,CWS,"LF,RF,DH",5423,21,3,2,2,0,.238,.333,5,1,0,3,7,.571,.905,0%,0%,0%
2026-06-23,232,Miguel Vargas,CWS,"1B,3B",8301,44,4,1,3,1,.205,.239,9,2,0,2,8,.318,.557,91%,92%,90%
2026-06-23,233,Ryan Ward,LAD,"1B,LF,RF",45805,28,4,1,5,0,.179,.281,5,2,0,4,11,.357,.638,1%,2%,1%
2026-06-23,234,Eli White,ATL,"LF,CF,RF",8216,24,1,1,3,1,.250,.308,6,2,0,2,7,.458,.766,0%,0%,0%
2026-06-23,235,Alex Jackson,MIN,C,5687,18,3,0,2,0,.389,.450,7,2,0,0,3,.500,.950,0%,0%,0%
2026-06-23,236,Nathan Lukes,TOR,"LF,CF,RF",6451,43,3,1,2,0,.279,.311,12,2,0,2,10,.395,.707,2%,2%,1%
2026-06-23,237,Jorge Barrosa,ARI,"LF,CF,RF",45561,9,3,1,2,0,.333,.400,3,1,0,1,3,.778,1.178,0%,0%,0%
2026-06-23,238,Jacob Young,WSH,CF,45266,33,4,0,1,2,.212,.235,7,2,1,1,8,.333,.569,2%,2%,2%
2026-06-23,239,Francisco Alvarez,NYM,"C,DH",43686,36,2,1,3,0,.278,.316,10,0,0,2,11,.361,.677,13%,17%,9%
2026-06-23,240,Brayan Rocchio,CLE,"2B,SS",8305,44,2,0,4,1,.250,.306,11,3,1,3,8,.364,.670,36%,36%,35%
2026-06-23,241,Rafael Flores,PIT,"C,1B",47259,3,2,1,2,0,.667,.800,2,1,0,2,0,2.000,2.800,0%,0%,0%
2026-06-23,242,Hao-Yu Lee,DET,"2B,3B",45251,24,2,0,1,1,.333,.333,8,2,0,0,6,.417,.750,0%,0%,0%
2026-06-23,243,Ernie Clement,TOR,"1B,2B,3B,SS",8532,42,5,1,3,0,.214,.244,9,1,0,2,8,.310,.554,77%,72%,82%
2026-06-23,244,Xander Bogaerts,SD,SS,4347,33,6,0,2,0,.242,.432,8,1,0,9,7,.273,.705,32%,39%,25%
2026-06-23,245,Pedro Ramirez,CHC,"2B,3B",45165,15,1,1,3,0,.333,.333,5,1,0,0,2,.600,.933,1%,1%,0%
2026-06-23,246,Josh Jung,TEX,3B,23130,53,5,0,2,0,.264,.339,14,1,0,5,14,.283,.622,49%,53%,44%
2026-06-23,247,Jose Tena,WSH,"2B,3B,OF,DH",44885,14,2,0,1,2,.214,.353,3,0,0,3,6,.214,.567,0%,0%,0%
2026-06-23,248,Chandler Simpson,TB,"LF,CF",46426,39,2,0,3,2,.205,.225,8,1,0,1,4,.231,.456,44%,52%,36%
2026-06-23,249,James Outman,DET,"LF,CF,RF",44201,16,2,1,2,1,.188,.278,3,0,0,2,10,.375,.653,0%,0%,0%
2026-06-23,250,Marcus Semien,NYM,2B,4544,44,3,1,4,1,.182,.265,8,0,1,5,15,.296,.561,42%,42%,42%
2026-06-23,251,Drew Gilbert,SF,"LF,CF,RF",46297,27,4,0,3,0,.259,.429,7,3,0,6,3,.370,.799,0%,0%,0%
2026-06-23,252,Ali Sanchez,NYY,C,8389,17,2,0,3,0,.353,.421,6,2,0,1,6,.471,.892,0%,0%,0%
2026-06-23,253,Stuart Fairchild,CLE,"LF,CF,RF",43929,11,3,0,0,2,.182,.471,2,0,0,5,7,.182,.652,0%,0%,0%
2026-06-23,254,Edouard Julien,COL,"1B,2B,DH",44887,28,3,0,3,0,.286,.355,8,1,0,3,5,.321,.676,0%,0%,0%
2026-06-23,255,Salvador Perez,KC,"C,1B,DH",4147,52,6,1,2,0,.212,.226,11,2,0,0,10,.308,.534,73%,80%,66%
2026-06-23,256,Jose Fermin,STL,"2B,3B,LF,CF",8555,21,1,0,4,0,.333,.333,7,0,0,0,2,.333,.667,0%,0%,0%
2026-06-23,257,Myles Straw,TOR,"LF,CF,RF",7628,21,5,0,1,0,.286,.360,6,2,0,3,3,.381,.741,0%,0%,0%
2026-06-23,258,Samuel Basallo,BAL,"C,1B,DH",44938,41,2,1,5,0,.220,.273,9,0,0,3,13,.293,.565,42%,49%,34%
2026-06-23,259,Xavier Edwards,MIA,"2B,SS",40137,41,2,0,7,0,.220,.300,9,0,1,6,9,.268,.568,92%,93%,91%
2026-06-23,260,Nick Fortes,TB,C,8673,29,5,0,1,0,.276,.344,8,3,0,1,3,.379,.723,1%,1%,2%
2026-06-23,261,John Rave,KC,"LF,CF,RF",45866,10,3,1,1,0,.300,.462,3,1,1,3,3,.900,1.362,0%,0%,0%
2026-06-23,262,Mitch Garver,SEA,"C,DH",6239,16,2,1,4,0,.188,.235,3,0,0,1,8,.375,.610,0%,0%,0%
2026-06-23,263,Jarren Duran,BOS,"LF,CF,DH",10054,51,5,2,4,0,.157,.204,8,0,0,3,20,.275,.478,87%,95%,80%
2026-06-23,264,Ezequiel Tovar,COL,SS,45000,36,4,1,2,0,.222,.243,8,1,0,1,15,.333,.577,21%,38%,4%
2026-06-23,265,Alex Call,LAD,"LF,CF,RF",8208,20,3,0,1,1,.250,.348,5,0,0,2,6,.250,.598,0%,0%,0%
2026-06-23,266,Derek Hill,PHI,"LF,CF,RF",10000,24,2,0,2,1,.250,.250,6,1,0,0,11,.292,.542,0%,0%,0%
2026-06-23,267,Starling Marte,KC,"LF,RF,DH",4377,17,3,0,1,0,.353,.389,6,1,0,1,3,.412,.801,0%,0%,0%
2026-06-23,268,David Hamilton,MIL,"2B,3B,SS",45029,28,3,0,1,2,.179,.207,5,2,0,1,12,.250,.457,2%,2%,2%
2026-06-23,269,Evan Carter,TEX,"LF,CF,RF",43894,13,2,0,2,1,.231,.333,3,0,0,2,3,.231,.564,3%,3%,2%
2026-06-23,270,Dane Myers,CIN,"LF,CF,RF",10106,15,0,0,1,2,.267,.389,4,1,0,3,5,.333,.722,0%,0%,0%
2026-06-23,271,Justin Foscue,TEX,"1B,2B,DH",43832,13,2,1,1,0,.308,.400,4,0,0,2,2,.539,.939,0%,0%,0%
2026-06-23,272,Cam Smith,HOU,RF,46344,45,4,1,2,0,.222,.255,10,4,0,2,10,.378,.633,9%,11%,7%
2026-06-23,273,Trey Mancini,,,5976,13,1,0,4,0,.308,.286,4,0,1,0,3,.462,.747,0%,0%,0%
2026-06-23,274,Victor Mesa Jr.,TB,RF,7001,12,3,1,2,0,.167,.375,2,0,0,4,2,.417,.792,0%,0%,0%
2026-06-23,275,Sung-Mun Song,SD,"2B,3B,SS",7354238,19,1,0,1,2,.211,.211,4,1,0,0,5,.263,.474,0%,0%,0%
2026-06-23,276,Wenceel Perez,DET,"CF,RF",8666,9,2,1,2,0,.222,.300,2,0,0,1,2,.556,.856,0%,0%,0%
2026-06-23,277,Joc Pederson,TEX,DH,4769,38,4,1,2,0,.211,.286,8,0,1,3,11,.342,.628,3%,4%,1%
2026-06-23,278,Santiago Espinal,,,8474,8,0,0,2,0,.625,.625,5,0,0,0,1,.625,1.250,0%,0%,0%
2026-06-23,279,Alex Freeland,LAD,"2B,3B,SS",46730,31,3,0,4,0,.226,.324,7,1,0,5,12,.258,.582,1%,1%,1%
2026-06-23,280,Corey Seager,TEX,SS,4805,13,2,1,2,0,.231,.286,3,0,0,1,3,.462,.747,76%,88%,65%
2026-06-23,281,Nelson Velazquez,STL,"LF,RF,DH",45006,13,2,1,2,0,.231,.333,3,1,0,2,5,.539,.872,0%,0%,0%
2026-06-23,282,Edwin Arroyo,CIN,"2B,SS",44760,36,4,0,2,0,.250,.300,9,2,0,1,7,.306,.606,2%,3%,1%
2026-06-23,283,Alejandro Osuna,TEX,"LF,CF,RF",45996,21,3,0,3,0,.238,.304,5,2,0,1,5,.333,.638,0%,0%,0%
2026-06-23,284,Wade Meckler,LAA,"LF,CF",47291,39,5,0,3,0,.205,.311,8,2,0,6,13,.256,.568,1%,1%,2%
2026-06-23,285,Jose Ramirez,CLE,"3B,DH",5288,20,3,0,0,1,.250,.250,5,1,0,0,4,.300,.550,99%,99%,100%
2026-06-23,286,Miles Mastrobuoni,SEA,"2B,3B,LF,RF",8608,23,3,0,1,1,.217,.269,5,0,0,2,10,.217,.487,0%,0%,0%
2026-06-23,287,Andy Pages,LAD,"LF,CF,RF",43671,56,5,1,4,0,.179,.242,10,3,0,5,14,.286,.528,96%,96%,97%
2026-06-23,288,Nate Eaton,BOS,"3B,CF,RF",45484,8,1,1,1,1,.125,.300,1,0,0,2,3,.500,.800,0%,0%,0%
2026-06-23,289,Marcell Ozuna,PIT,DH,4726,15,1,1,2,0,.267,.267,4,0,0,0,5,.467,.733,4%,4%,4%
2026-06-23,290,Daniel Susac,SF,C,46275,23,1,0,3,1,.217,.240,5,1,0,1,4,.261,.501,1%,1%,1%
2026-06-23,291,Jonah Cox,SF,"LF,CF",47922,6,1,0,1,1,.333,.333,2,0,1,0,4,.667,1.000,0%,0%,0%
2026-06-23,292,Ildemaro Vargas,ARI,"1B,2B",6583,27,6,0,5,0,.074,.219,2,1,0,5,3,.111,.330,30%,19%,41%
2026-06-23,293,Rowdy Tellez,ATL,1B,5030,5,1,1,2,0,.200,.200,1,0,0,0,2,.800,1.000,0%,0%,0%
2026-06-23,294,Nick Madrigal,LAA,"2B,3B",6954,21,3,0,1,1,.191,.320,4,0,0,4,1,.191,.511,0%,0%,0%
2026-06-23,295,Justin Dean,CHC,CF,8575,2,1,0,3,0,.500,.500,1,0,1,0,0,1.500,2.000,0%,0%,0%
2026-06-23,296,Junior Perez,CWS,"LF,CF,RF",44022,6,1,1,1,0,.333,.429,2,0,0,1,2,.833,1.262,0%,0%,0%
2026-06-23,297,Alejandro Kirk,TOR,C,43675,24,1,0,4,0,.250,.296,6,1,0,2,6,.292,.588,32%,28%,36%
2026-06-23,298,Jorbit Vivas,WSH,"2B,3B",44615,19,1,0,2,0,.316,.350,6,0,0,1,1,.316,.666,0%,0%,0%
2026-06-23,299,Will Wagner,SD,"1B,3B",46835,27,3,0,0,0,.296,.441,8,1,0,7,6,.333,.775,0%,0%,0%
2026-06-23,300,Jase Bowen,SD,"LF,CF,RF",45903,16,2,0,0,2,.125,.177,2,0,0,1,7,.125,.302,0%,0%,0%
